id,brand,model,year,source_country,mileage_min,mileage_max,source_marketplace,target_country,target_marketplace,target_search_url,pricing_strategy,last_computed_target_export_price_eur,last_computed_target_export_price_at,notes,source_search_url
MS_AUDI_A3_2022_FR,AUDI,A3,2022,FR,0,0,leboncoin,,,,,,,,https://www.leboncoin.fr/recherche?category=2&u_car_brand=AUDI&u_car_model=AUDI_A3&fuel=6&gearbox=2&regdate=2022-max&sort=price&order=asc&kst=k
MS_AUDI_A4_2022_FR,AUDI,A4,2022,FR,0,0,leboncoin,,,,,,,,https://www.leboncoin.fr/recherche?category=2&u_car_brand=AUDI&u_car_model=AUDI_A4&fuel=6&gearbox=2&regdate=2022-max&sort=price&order=asc
MS_AUDI_A6_2022_FR,AUDI,A6,2022,FR,40000,0,leboncoin,,,,,,,,https://www.leboncoin.fr/recherche?category=2&u_car_brand=AUDI&u_car_model=AUDI_A6&fuel=6&regdate=2022-max&mileage=min-40000&sort=price&order=asc
MS_AUDI_Q3_2022_FR,AUDI,Q3,2022,FR,40000,0,leboncoin,,,,,,,,https://www.leboncoin.fr/recherche?category=2&u_car_brand=AUDI&u_car_model=AUDI_Q3&fuel=6&regdate=2022-max&mileage=min-40000&sort=price&order=asc
MS_AUDI_Q5_2022_FR,AUDI,Q5,2022,FR,40000,0,leboncoin,,,,,,,,https://www.leboncoin.fr/recherche?category=2&u_car_brand=AUDI&u_car_model=AUDI_Q5&fuel=6&regdate=2022-max&mileage=min-40000&sort=price&order=asc
MS_AUDI_Q8_2022_FR,AUDI,Q8,2022,FR,40000,0,leboncoin,,,,,,,,https://www.leboncoin.fr/recherche?category=2&u_car_brand=AUDI&u_car_model=AUDI_Q8&fuel=6&regdate=2022-max&mileage=min-40000&sort=price&order=asc
MS_BMW_SÉRIE1_2022_FR,BMW,Série 1,2022,FR,59000,0,leboncoin,,,,,,,,https://www.leboncoin.fr/recherche?category=2&u_car_brand=BMW&u_car_model=BMW_S%C3%A9rie%201&fuel=6&gearbox=2&regdate=2022-max&mileage=min-59000&sort=price&order=asc
MS_BMW_SÉRIE2_2022_FR,BMW,Série 2,2022,FR,59000,0,leboncoin,,,,,,,,https://www.leboncoin.fr/recherche?category=2&u_car_brand=BMW&u_car_model=BMW_S%C3%A9rie%202&fuel=6&gearbox=2&regdate=2022-max&mileage=min-59000&sort=price&order=asc
MS_BMW_SÉRIE3_2023_FR,BMW,Série 3,2023,FR,59000,0,leboncoin,,,,,,,,https://www.leboncoin.fr/recherche?category=2&u_car_brand=BMW&u_car_model=BMW_S%C3%A9rie%203&fuel=6&gearbox=2&regdate=2023-max&mileage=min-59000&sort=price&order=asc
MS_BMW_SÉRIE5_2023_FR,BMW,Série 5,2023,FR,59000,0,leboncoin,,,,,,,,https://www.leboncoin.fr/recherche?category=2&u_car_brand=BMW&u_car_model=BMW_S%C3%A9rie%205&fuel=6&gearbox=2&regdate=2023-max&mileage=min-59000&sort=price&order=asc
MS_BMW_X1_2023_FR,BMW,X1,2023,FR,59000,0,leboncoin,,,,,,,,https://www.leboncoin.fr/recherche?category=2&u_car_brand=BMW&u_car_model=BMW_X1&fuel=6&gearbox=2&regdate=2023-max&mileage=min-59000&sort=price&order=asc
MS_BMW_X2_2022_FR,BMW,X2,2022,FR,59000,0,leboncoin,,,,,,,,https://www.leboncoin.fr/recherche?category=2&u_car_brand=BMW&u_car_model=BMW_X2&fuel=6&gearbox=2&regdate=2022-max&mileage=min-59000&sort=price&order=asc
MS_BMW_X3_2022_FR,BMW,X3,2022,FR,59000,0,leboncoin,,,,,,,,https://www.leboncoin.fr/recherche?category=2&u_car_brand=BMW&u_car_model=BMW_X3&fuel=6&gearbox=2&regdate=2022-max&mileage=min-59000&sort=price&order=asc
MS_BMW_X5_2023_FR,BMW,X5,2023,FR,59000,0,leboncoin,,,,,,,,https://www.leboncoin.fr/recherche?category=2&u_car_brand=BMW&u_car_model=BMW_X5&fuel=6&gearbox=2&regdate=2023-max&mileage=min-59000&sort=price&order=asc
MS_BYD_SEALU_XX_FR,BYD,Seal U,,FR,0,0,leboncoin,,,,,,,,https://www.leboncoin.fr/recherche?category=2&u_car_brand=BYD&u_car_model=BYD_Seal%20U&fuel=4&sort=price&order=asc
MS_FORD_FOCUS_2022_FR,FORD,Focus,2022,FR,60000,0,leboncoin,,,,,,,,https://www.leboncoin.fr/recherche?category=2&text=st%20line&u_car_brand=FORD&u_car_model=FORD_Focus&fuel=6&gearbox=2&mileage=min-60000&regdate=2022-max&sort=price&order=asc
MS_FORD_KUGA_2022_FR,FORD,Kuga,2022,FR,60000,0,leboncoin,,,,,,,,https://www.leboncoin.fr/recherche?category=2&text=st+line&u_car_brand=FORD&u_car_model=FORD_Kuga&fuel=6&gearbox=2&mileage=min-60000&regdate=2022-max&sort=price&order=asc&kst=p&pi=f95a0c99-a2c5-4827-a421-9a78580edb23
MS_FORD_PUMA_2022_FR,FORD,Puma,2022,FR,60000,0,leboncoin,,,,,,,,https://www.leboncoin.fr/recherche?category=2&u_car_brand=FORD&u_car_model=FORD_Puma&fuel=6&gearbox=2&mileage=min-60000&regdate=2022-max&sort=price&order=asc
MS_HONDA_CRV_2022_FR,HONDA,CR-V,2022,FR,40000,0,leboncoin,,,,,,,,https://www.leboncoin.fr/recherche?category=2&u_car_brand=HONDA&u_car_model=HONDA_CR-V&fuel=6&regdate=2022-max&mileage=min-40000&sort=price&order=asc
MS_HONDA_HRV_2022_FR,HONDA,HR-V,2022,FR,40000,0,leboncoin,,,,,,,,https://www.leboncoin.fr/recherche?category=2&u_car_brand=HONDA&u_car_model=HONDA_HR-V&fuel=6&regdate=2022-max&mileage=min-40000&sort=price&order=asc
MS_HYUNDAI_KONA_2021_FR,HYUNDAI,KONA,2021,FR,20000,0,leboncoin,,,,,,,,https://www.leboncoin.fr/recherche?category=2&u_car_brand=HYUNDAI&u_car_model=HYUNDAI_Kona&fuel=6&regdate=2021-2021&mileage=min-20000&sort=price&order=asc
MS_HYUNDAI_KONA_2022_FR,HYUNDAI,KONA,2022,FR,20000,0,leboncoin,,,,,,,,https://www.leboncoin.fr/recherche?category=2&u_car_brand=HYUNDAI&u_car_model=HYUNDAI_Kona&fuel=6&regdate=2022-2022&mileage=min-20000&sort=price&order=asc
MS_HYUNDAI_TUCSON_2021_FR,HYUNDAI,TUCSON,2021,FR,20000,0,leboncoin,,,,,,,,https://www.leboncoin.fr/recherche?category=2&u_car_brand=HYUNDAI&u_car_model=HYUNDAI_Tucson&fuel=6&regdate=2021-2021&mileage=min-20000&sort=price&order=asc
MS_HYUNDAI_TUCSON_2021_FR,HYUNDAI,TUCSON,2021,FR,20000,0,leboncoin,,,,,,,,https://www.leboncoin.fr/recherche?category=2&text=N%20LINE&u_car_brand=HYUNDAI&u_car_model=HYUNDAI_Tucson&fuel=6&regdate=2021-2021&mileage=min-20000&sort=price&order=asc
MS_HYUNDAI_TUCSON_2021_FR,HYUNDAI,TUCSON,2021,FR,20000,0,leboncoin,,,,,,,,https://www.leboncoin.fr/recherche?category=2&text=EXECUTIVE&u_car_brand=HYUNDAI&u_car_model=HYUNDAI_Tucson&fuel=6&regdate=2021-2021&mileage=min-20000&sort=price&order=asc
MS_HYUNDAI_TUCSON_2022_FR,HYUNDAI,TUCSON,2022,FR,20000,0,leboncoin,,,,,,,,https://www.leboncoin.fr/recherche?category=2&u_car_brand=HYUNDAI&u_car_model=HYUNDAI_Tucson&fuel=6&regdate=2022-2022&mileage=min-20000&sort=price&order=asc
MS_HYUNDAI_TUCSON_2022_FR,HYUNDAI,TUCSON,2022,FR,20000,0,leboncoin,,,,,,,,https://www.leboncoin.fr/recherche?category=2&text=N%20LINE&u_car_brand=HYUNDAI&u_car_model=HYUNDAI_Tucson&fuel=6&regdate=2022-2022&mileage=min-20000&sort=price&order=asc
MS_HYUNDAI_TUCSON_2022_FR,HYUNDAI,TUCSON,2022,FR,20000,0,leboncoin,,,,,,,,https://www.leboncoin.fr/recherche?category=2&text=EXECUTIVE&u_car_brand=HYUNDAI&u_car_model=HYUNDAI_Tucson&fuel=6&regdate=2022-2022&mileage=min-20000&sort=price&order=asc
MS_JEEP_COMPASS_2023_FR,JEEP,COMPASS,2023,FR,35000,0,leboncoin,,,,,,,,https://www.leboncoin.fr/recherche?category=2&u_car_brand=JEEP&u_car_model=JEEP_Compass&fuel=6&regdate=2023-max&mileage=min-35000&horse_power_din=180-max&sort=price&order=asc
MS_JEEP_RENEGADE_2023_FR,JEEP,RENEGADE,2023,FR,35000,0,leboncoin,,,,,,,,https://www.leboncoin.fr/recherche?category=2&u_car_brand=JEEP&u_car_model=JEEP_Renegade&fuel=6&regdate=2023-max&mileage=min-35000&horse_power_din=170-max&sort=price&order=asc
MS_JEEP_RENEGADE_2023_FR,JEEP,RENEGADE,2023,FR,0,0,lacentrale,,,,,,,,https://www.lacentrale.fr/listing?energies=plug_hyb&makesModelsCommercialNames=JEEP%3ARENEGADE&sortBy=priceAsc&yearMin=2023
MS_KIA_CEED_2017_FR,KIA,CEED,2017,FR,40000,0,leboncoin,,,,,,,,https://www.leboncoin.fr/recherche?category=2&u_car_brand=KIA&u_car_model=KIA_Ceed&regdate=2017-2017&mileage=min-40000&sort=price&order=asc
MS_KIA_CEED_2018_FR,KIA,CEED,2018,FR,40000,0,leboncoin,,,,,,,,https://www.leboncoin.fr/recherche?category=2&u_car_brand=KIA&u_car_model=KIA_Ceed&regdate=2018-2018&mileage=min-40000&sort=price&order=asc
MS_KIA_CEED_2019_FR,KIA,CEED,2019,FR,40000,0,leboncoin,,,,,,,,https://www.leboncoin.fr/recherche?category=2&u_car_brand=KIA&u_car_model=KIA_Ceed&regdate=2019-2019&mileage=min-40000&sort=price&order=asc
MS_KIA_CEED_2020_FR,KIA,CEED,2020,FR,40000,0,leboncoin,,,,,,,,https://www.leboncoin.fr/recherche?category=2&u_car_brand=KIA&u_car_model=KIA_Ceed&regdate=2020-2020&mileage=min-40000&sort=price&order=asc
MS_KIA_CEED_2021_FR,KIA,CEED,2021,FR,40000,0,leboncoin,,,,,,,,https://www.leboncoin.fr/recherche?category=2&u_car_brand=KIA&u_car_model=KIA_Ceed&regdate=2021-2021&mileage=min-40000&sort=price&order=asc
MS_KIA_CEED_2022_FR,KIA,CEED,2022,FR,40000,0,leboncoin,,,,,,,,https://www.leboncoin.fr/recherche?category=2&u_car_brand=KIA&u_car_model=KIA_Ceed&regdate=2022-2022&mileage=min-40000&sort=price&order=asc
MS_KIA_NIRO_2018_FR,KIA,NIRO,2018,FR,40000,0,leboncoin,,,,,,,,https://www.leboncoin.fr/recherche?category=2&u_car_brand=KIA&u_car_model=KIA_Niro&fuel=6&regdate=201-2018&mileage=min-40000&sort=price&order=asc
MS_KIA_NIRO_2022_FR,KIA,NIRO,2022,FR,40000,0,leboncoin,,,,,,,,https://www.leboncoin.fr/recherche?category=2&u_car_brand=KIA&u_car_model=KIA_Niro&fuel=6&regdate=2022-2022&mileage=min-40000&sort=price&order=asc
MS_KIA_PICANTO_2017_FR,KIA,PICANTO,2017,FR,40000,0,leboncoin,,,,,,,,https://www.leboncoin.fr/recherche?category=2&u_car_brand=KIA&u_car_model=KIA_Picanto&mileage=min-40000&regdate=2017-2017&sort=price&order=asc
MS_KIA_PICANTO_2019_FR,KIA,PICANTO,2019,FR,40000,0,leboncoin,,,,,,,,https://www.leboncoin.fr/recherche?category=2&u_car_brand=KIA&u_car_model=KIA_Picanto&mileage=min-40000&regdate=2019-2019&sort=price&order=asc
MS_KIA_PICANTO_2020_FR,KIA,PICANTO,2020,FR,40000,0,leboncoin,,,,,,,,https://www.leboncoin.fr/recherche?category=2&u_car_brand=KIA&u_car_model=KIA_Picanto&mileage=min-40000&regdate=2020-2020&sort=price&order=asc
MS_KIA_PICANTO_2021_FR,KIA,PICANTO,2021,FR,40000,0,leboncoin,,,,,,,,https://www.leboncoin.fr/recherche?category=2&u_car_brand=KIA&u_car_model=KIA_Picanto&mileage=min-40000&regdate=2021-2021&sort=price&order=asc
MS_KIA_PICANTO_2022_FR,KIA,PICANTO,2022,FR,40000,0,leboncoin,,,,,,,,https://www.leboncoin.fr/recherche?category=2&u_car_brand=KIA&u_car_model=KIA_Picanto&mileage=min-40000&regdate=2022-2022&sort=price&order=asc
MS_KIA_PROCEED_2019_FR,KIA,PRO CEED,2019,FR,40000,0,leboncoin,,,,,,,,https://www.leboncoin.fr/recherche?category=2&u_car_brand=KIA&u_car_model=KIA_ProCeed&regdate=2019-2019&mileage=min-40000&sort=price&order=asc
MS_KIA_PROCEED_2020_FR,KIA,PRO CEED,2020,FR,40000,0,leboncoin,,,,,,,,https://www.leboncoin.fr/recherche?category=2&u_car_brand=KIA&u_car_model=KIA_ProCeed&regdate=2020-2020&mileage=min-40000&sort=price&order=asc
MS_KIA_PROCEED_2021_FR,KIA,PRO CEED,2021,FR,40000,0,leboncoin,,,,,,,,https://www.leboncoin.fr/recherche?category=2&u_car_brand=KIA&u_car_model=KIA_ProCeed&regdate=2021-2021&mileage=min-40000&sort=price&order=asc
MS_KIA_PROCEED_2022_FR,KIA,PRO CEED,2022,FR,40000,0,leboncoin,,,,,,,,https://www.leboncoin.fr/recherche?category=2&u_car_brand=KIA&u_car_model=KIA_ProCeed&regdate=2022-2022&mileage=min-40000&sort=price&order=asc
MS_KIA_PICANTO_2018_FR,KIA,Picanto,2018,FR,40000,0,leboncoin,,,,,,,,https://www.leboncoin.fr/recherche?category=2&u_car_brand=KIA&u_car_model=KIA_Picanto&mileage=min-40000&regdate=2018-2018&sort=price&order=asc
MS_KIA_PROCEED_2022_FR,KIA,Proceed,2022,FR,40000,0,leboncoin,,,,,,,,https://www.leboncoin.fr/recherche?category=2&u_car_brand=KIA&u_car_model=KIA_ProCeed&regdate=2022-2022&mileage=min-40000&sort=price&order=asc
MS_KIA_RIO_2021_FR,KIA,RIO,2021,FR,40000,0,leboncoin,,,,,,,,https://www.leboncoin.fr/recherche?category=2&u_car_brand=KIA&u_car_model=KIA_Rio&fuel=6&regdate=2021-2021&mileage=min-40000&sort=price&order=asc
MS_KIA_RIO_2022_FR,KIA,RIO,2022,FR,40000,0,leboncoin,,,,,,,,https://www.leboncoin.fr/recherche?category=2&u_car_brand=KIA&u_car_model=KIA_Rio&fuel=6&regdate=2022-2022&mileage=min-40000&sort=price&order=asc
MS_KIA_SPORTAGE_2020_FR,KIA,SPORTAGE,2020,FR,40000,0,leboncoin,,,,,,,,https://www.leboncoin.fr/recherche?category=2&u_car_brand=KIA&u_car_model=KIA_Sportage&fuel=6&regdate=2020-2020&mileage=min-40000&sort=price&order=asc
MS_KIA_SPORTAGE_2021_FR,KIA,SPORTAGE,2021,FR,40000,0,leboncoin,,,,,,,,https://www.leboncoin.fr/recherche?category=2&u_car_brand=KIA&u_car_model=KIA_Sportage&fuel=6&regdate=2021-2021&mileage=min-40000&sort=price&order=asc
MS_KIA_SPORTAGE_2022_FR,KIA,SPORTAGE,2022,FR,40000,0,leboncoin,,,,,,,,https://www.leboncoin.fr/recherche?category=2&u_car_brand=KIA&u_car_model=KIA_Sportage&fuel=6&regdate=2022-2022&mileage=min-40000&sort=price&order=asc
MS_KIA_SPORTAGE_2023_FR,KIA,SPORTAGE,2023,FR,40000,0,leboncoin,,,,,,,,https://www.leboncoin.fr/recherche?category=2&u_car_brand=KIA&u_car_model=KIA_Sportage&fuel=6&regdate=2023-2023&mileage=min-40000&sort=price&order=asc
MS_KIA_STONIC_2017_FR,KIA,STONIC,2017,FR,40000,0,leboncoin,,,,,,,,https://www.leboncoin.fr/recherche?category=2&u_car_brand=KIA&u_car_model=KIA_Stonic&regdate=2017-2017&mileage=min-40000&sort=price&order=asc
MS_KIA_STONIC_2018_FR,KIA,STONIC,2018,FR,40000,0,leboncoin,,,,,,,,https://www.leboncoin.fr/recherche?category=2&u_car_brand=KIA&u_car_model=KIA_Stonic&regdate=2018-2018&mileage=min-40000&sort=price&order=asc
MS_KIA_STONIC_2019_FR,KIA,STONIC,2019,FR,40000,0,leboncoin,,,,,,,,https://www.leboncoin.fr/recherche?category=2&u_car_brand=KIA&u_car_model=KIA_Stonic&regdate=2019-2019&mileage=min-40000&sort=price&order=asc
MS_KIA_STONIC_2022_FR,KIA,STONIC,2022,FR,40000,0,leboncoin,,,,,,,,https://www.leboncoin.fr/recherche?category=2&u_car_brand=KIA&u_car_model=KIA_Stonic&regdate=2022-2022&mileage=min-40000&sort=price&order=asc
MS_KIA_STONIC_2023_FR,KIA,STONIC,2023,FR,40000,0,leboncoin,,,,,,,,https://www.leboncoin.fr/recherche?category=2&u_car_brand=KIA&u_car_model=KIA_Stonic&regdate=2023-2023&mileage=min-40000&sort=price&order=asc
MS_KIA_XCEED_2020_FR,KIA,X-CEED,2020,FR,40000,0,leboncoin,,,,,,,,https://www.leboncoin.fr/recherche?category=2&u_car_brand=KIA&u_car_model=KIA_XCeed&fuel=6&regdate=202-2020&mileage=min-40000&sort=price&order=asc
MS_KIA_XCEED_2021_FR,KIA,X-CEED,2021,FR,40000,0,leboncoin,,,,,,,,https://www.leboncoin.fr/recherche?category=2&u_car_brand=KIA&u_car_model=KIA_XCeed&fuel=6&regdate=202-2021&mileage=min-40000&sort=price&order=asc
MS_KIA_XCEED_2022_FR,KIA,X-CEED,2022,FR,40000,0,leboncoin,,,,,,,,https://www.leboncoin.fr/recherche?category=2&u_car_brand=KIA&u_car_model=KIA_XCeed&fuel=6&regdate=2022-2022&mileage=min-40000&sort=price&order=asc
MS_KIA_XCEED_2023_FR,KIA,X-CEED,2023,FR,40000,0,leboncoin,,,,,,,,https://www.leboncoin.fr/recherche?category=2&u_car_brand=KIA&u_car_model=KIA_XCeed&fuel=6&regdate=2023-2023&mileage=min-40000&sort=price&order=asc
MS_LEXUS_CT_2017_FR,LEXUS,CT,2017,FR,40000,0,leboncoin,,,,,,,,https://www.leboncoin.fr/recherche?category=2&u_car_brand=LEXUS&u_car_model=LEXUS_CT&mileage=min-40000&regdate=2017-2017&sort=price&order=asc
MS_LEXUS_CT_2018_FR,LEXUS,CT,2018,FR,40000,0,leboncoin,,,,,,,,https://www.leboncoin.fr/recherche?category=2&u_car_brand=LEXUS&u_car_model=LEXUS_CT&mileage=min-40000&regdate=2018-2018&sort=price&order=asc
MS_LEXUS_CT_2020_FR,LEXUS,CT,2020,FR,40000,0,leboncoin,,,,,,,,https://www.leboncoin.fr/recherche?category=2&u_car_brand=LEXUS&u_car_model=LEXUS_CT&mileage=min-40000&regdate=2020-2020&sort=price&order=asc
MS_LEXUS_ES_2020_FR,LEXUS,ES,2020,FR,40000,0,leboncoin,,,,,,,,https://www.leboncoin.fr/recherche?category=2&u_car_brand=LEXUS&u_car_model=LEXUS_ES&mileage=min-40000&regdate=2020-2020&sort=price&order=asc
MS_LEXUS_ES_2021_FR,LEXUS,ES,2021,FR,40000,0,leboncoin,,,,,,,,https://www.leboncoin.fr/recherche?category=2&u_car_brand=LEXUS&u_car_model=LEXUS_ES&mileage=min-40000&regdate=2021-2021&sort=price&order=asc
MS_LEXUS_ES_2021_FR,LEXUS,ES,2021,FR,30000,0,leboncoin,,,,,,,,https://www.leboncoin.fr/recherche?category=2&u_car_brand=LEXUS&u_car_model=LEXUS_ES&fuel=6&mileage=min-30000&regdate=2021-2023&sort=price&order=asc
MS_LEXUS_ES_2022_FR,LEXUS,ES,2022,FR,40000,0,leboncoin,,,,,,,,https://www.leboncoin.fr/recherche?category=2&u_car_brand=LEXUS&u_car_model=LEXUS_ES&mileage=min-40000&regdate=2022-2022&sort=price&order=asc
MS_LEXUS_ES_2023_FR,LEXUS,ES,2023,FR,40000,0,leboncoin,,,,,,,,https://www.leboncoin.fr/recherche?category=2&u_car_brand=LEXUS&u_car_model=LEXUS_ES&mileage=min-40000&regdate=2023-2023&sort=price&order=asc
MS_LEXUS_IS_2017_FR,LEXUS,IS,2017,FR,40000,0,leboncoin,,,,,,,,https://www.leboncoin.fr/recherche?category=2&u_car_brand=LEXUS&u_car_model=LEXUS_IS&mileage=min-40000&regdate=2017-2017&sort=price&order=asc
MS_LEXUS_NX_2018_FR,LEXUS,NX,2018,FR,40000,0,leboncoin,,,,,,,,https://www.leboncoin.fr/recherche?category=2&u_car_brand=LEXUS&u_car_model=LEXUS_NX&mileage=min-40000&regdate=2018-2018&sort=price&order=asc
MS_LEXUS_NX_2019_FR,LEXUS,NX,2019,FR,40000,0,leboncoin,,,,,,,,https://www.leboncoin.fr/recherche?category=2&u_car_brand=LEXUS&u_car_model=LEXUS_NX&mileage=min-40000&regdate=2019-2019&sort=price&order=asc
MS_LEXUS_NX_2021_FR,LEXUS,NX,2021,FR,40000,0,leboncoin,,,,,,,,https://www.leboncoin.fr/recherche?category=2&u_car_brand=LEXUS&u_car_model=LEXUS_NX&mileage=min-40000&regdate=2021-2021&sort=price&order=asc
MS_LEXUS_NX_2023_FR,LEXUS,NX,2023,FR,40000,0,leboncoin,,,,,,,,https://www.leboncoin.fr/recherche?category=2&u_car_brand=LEXUS&u_car_model=LEXUS_NX&mileage=min-40000&regdate=2023-2023&sort=price&order=asc
MS_LEXUS_RX_2018_FR,LEXUS,RX,2018,FR,40000,0,leboncoin,,,,,,,,https://www.leboncoin.fr/recherche?category=2&u_car_brand=LEXUS&u_car_model=LEXUS_RX&mileage=min-40000&regdate=2018-2018&sort=price&order=asc
MS_LEXUS_RX_2019_FR,LEXUS,RX,2019,FR,40000,0,leboncoin,,,,,,,,https://www.leboncoin.fr/recherche?category=2&u_car_brand=LEXUS&u_car_model=LEXUS_RX&mileage=min-40000&regdate=2019-2019&sort=price&order=asc
MS_LEXUS_RX_2021_FR,LEXUS,RX,2021,FR,20000,0,leboncoin,,,,,,,,https://www.leboncoin.fr/recherche?category=2&u_car_brand=LEXUS&u_car_model=LEXUS_RX&mileage=min-20000&regdate=2021-2021&sort=price&order=asc
MS_LEXUS_RX_2022_FR,LEXUS,RX,2022,FR,20000,0,leboncoin,,,,,,,,https://www.leboncoin.fr/recherche?category=2&u_car_brand=LEXUS&u_car_model=LEXUS_RX&mileage=min-20000&regdate=2022-2022&sort=price&order=asc
MS_LEXUS_RX_2023_FR,LEXUS,RX,2023,FR,20000,0,leboncoin,,,,,,,,https://www.leboncoin.fr/recherche?category=2&u_car_brand=LEXUS&u_car_model=LEXUS_RX&mileage=min-20000&regdate=2023-max&sort=price&order=asc
MS_LEXUS_RXH_2016_FR,LEXUS,Rx-H,2016,FR,0,50001,marktplaats,,,,,,,,https://www.marktplaats.nl/l/auto-s/lexus/f/rx-h+hybride-elektrisch-benzine/929+13838/#mileageTo:50001%7CconstructionYearFrom:2016%7CconstructionYearTo:2016%7CsortBy:PRICE%7CsortOrder:INCREASING
MS_LEXUS_UX_2019_FR,LEXUS,UX,2019,FR,40000,0,leboncoin,,,,,,,,https://www.leboncoin.fr/recherche?category=2&u_car_brand=LEXUS&u_car_model=LEXUS_UX&mileage=min-40000&regdate=2019-2019&sort=price&order=asc
MS_LEXUS_UX_2021_FR,LEXUS,UX,2021,FR,30000,0,leboncoin,,,,,,,,https://www.leboncoin.fr/recherche?category=2&u_car_brand=LEXUS&u_car_model=LEXUS_UX&fuel=6&mileage=min-30000&regdate=2021-2023&sort=price&order=asc
MS_LEXUS_UX_2022_FR,LEXUS,UX,2022,FR,40000,0,leboncoin,,,,,,,,https://www.leboncoin.fr/recherche?category=2&u_car_brand=LEXUS&u_car_model=LEXUS_UX&mileage=min-40000&regdate=2022-2022&sort=price&order=asc
MS_MERCEDESBENZ_CLASSEA_2022_FR,MERCEDES-BENZ,CLASSE A,2022,FR,40000,0,leboncoin,,,,,,,,https://www.leboncoin.fr/recherche?category=2&u_car_brand=MERCEDES-BENZ&u_car_model=MERCEDES-BENZ_Classe%20A&gearbox=2&fuel=6&regdate=2022-max&mileage=min-40000&sort=price&order=asc
MS_MERCEDESBENZ_CLASSEC_2022_FR,MERCEDES-BENZ,CLASSE C,2022,FR,40000,0,leboncoin,,,,,,,,https://www.leboncoin.fr/recherche?category=2&u_car_brand=MERCEDES-BENZ&u_car_model=MERCEDES-BENZ_Classe%20C&gearbox=2&fuel=6&regdate=2022-max&mileage=min-40000&sort=price&order=asc
MS_MERCEDESBENZ_CLASSEE_2022_FR,MERCEDES-BENZ,CLASSE E,2022,FR,40000,0,leboncoin,,,,,,,,https://www.leboncoin.fr/recherche?category=2&u_car_brand=MERCEDES-BENZ&u_car_model=MERCEDES-BENZ_Classe%20E&gearbox=2&fuel=6&regdate=2022-max&mileage=min-40000&sort=price&order=asc
MS_MERCEDESBENZ_CLASSES_2022_FR,MERCEDES-BENZ,CLASSE S,2022,FR,40000,0,leboncoin,,,,,,,,https://www.leboncoin.fr/recherche?category=2&u_car_brand=MERCEDES-BENZ&u_car_model=MERCEDES-BENZ_Classe%20S&gearbox=2&fuel=6&regdate=2022-max&mileage=min-40000&sort=price&order=asc
MS_MERCEDESBENZ_CLASSEB_2022_FR,MERCEDES-BENZ,Classe B,2022,FR,40000,0,leboncoin,,,,,,,,https://www.leboncoin.fr/recherche?category=2&u_car_brand=MERCEDES-BENZ&u_car_model=MERCEDES-BENZ_Classe+B&gearbox=2&fuel=6&regdate=2022-max&mileage=min-40000&sort=price&order=asc&kst=k
MS_MERCEDESBENZ_CLASSECLA_2022_FR,MERCEDES-BENZ,Classe Cla,2022,FR,40000,0,leboncoin,,,,,,,,https://www.leboncoin.fr/recherche?category=2&u_car_brand=MERCEDES-BENZ&u_car_model=MERCEDES-BENZ_Classe%20CLA&gearbox=2&fuel=6&regdate=2022-max&mileage=min-40000&sort=price&order=asc
MS_MERCEDESBENZ_CLASSEGLA_2022_FR,MERCEDES-BENZ,Classe Gla,2022,FR,40000,0,leboncoin,,,,,,,,https://www.leboncoin.fr/recherche?category=2&u_car_brand=MERCEDES-BENZ&u_car_model=MERCEDES-BENZ_Classe%20GLA&gearbox=2&fuel=6&regdate=2022-max&mileage=min-40000&sort=price&order=asc
MS_MERCEDESBENZ_CLASSEGLC_2022_FR,MERCEDES-BENZ,Classe Glc,2022,FR,40000,0,leboncoin,,,,,,,,https://www.leboncoin.fr/recherche?category=2&u_car_brand=MERCEDES-BENZ&u_car_model=MERCEDES-BENZ_Classe%20GLC&gearbox=2&fuel=6&regdate=2022-max&mileage=min-40000&sort=price&order=asc
MS_MERCEDESBENZ_CLASSEGLE_2022_FR,MERCEDES-BENZ,Classe Gle,2022,FR,40000,0,leboncoin,,,,,,,,https://www.leboncoin.fr/recherche?category=2&u_car_brand=MERCEDES-BENZ&u_car_model=MERCEDES-BENZ_Classe%20GLE&gearbox=2&fuel=6&regdate=2022-max&mileage=min-40000&sort=price&order=asc
MS_NISSAN_JUKE_2022_FR,NISSAN,JUKE,2022,FR,59000,0,leboncoin,,,,,,,,https://www.leboncoin.fr/recherche?category=2&u_car_brand=NISSAN&u_car_model=NISSAN_Juke&fuel=6&regdate=2022-max&mileage=min-59000&sort=price&order=asc&kst=k
MS_NISSAN_QASHQAI_2022_FR,NISSAN,QASHQAI,2022,FR,59000,0,leboncoin,,,,,,,,https://www.leboncoin.fr/recherche?category=2&u_car_brand=NISSAN&u_car_model=NISSAN_Qashqai&fuel=6&regdate=2022-max&mileage=min-59000&sort=price&order=asc&kst=k
MS_NISSAN_XTRAIL_2022_FR,NISSAN,X-TRAIL,2022,FR,59000,0,leboncoin,,,,,,,,https://www.leboncoin.fr/recherche?category=2&u_car_brand=NISSAN&u_car_model=NISSAN_X-Trail&fuel=6&regdate=2022-max&mileage=min-59000&sort=price&order=asc&kst=k
MS_PEUGEOT_2008_2021_FR,PEUGEOT,2008,2021,FR,50000,0,leboncoin,,,,,,,,https://www.leboncoin.fr/recherche?category=2&u_car_brand=PEUGEOT&u_car_model=PEUGEOT_2008&fuel=6&regdate=2021-max&mileage=min-50000&sort=price&order=asc
MS_PEUGEOT_308_2021_FR,PEUGEOT,308,2021,FR,50000,0,leboncoin,,,,,,,,https://www.leboncoin.fr/recherche?category=2&u_car_brand=PEUGEOT&u_car_model=PEUGEOT_308&fuel=6&regdate=2021-max&mileage=min-50000&sort=price&order=asc
MS_PEUGEOT_508_2021_FR,PEUGEOT,508,2021,FR,40000,0,leboncoin,,,,,,,,https://www.leboncoin.fr/recherche?category=2&text=PSE&u_car_brand=PEUGEOT&u_car_model=PEUGEOT_508&fuel=6&mileage=min-40000&regdate=2021-max&sort=price&order=asc
MS_PORSCHE_911_2006_FR,PORSCHE,911,2006,FR,90000,0,leboncoin,,,,,,,,https://www.leboncoin.fr/recherche?category=2&u_car_brand=PORSCHE&u_car_model=PORSCHE_911&fuel=1&regdate=2006-max&mileage=min-90000&horse_power_din=34-max&sort=price&order=asc
MS_RENAULT_ARKANA_2022_FR,RENAULT,ARKANA,2022,FR,0,40001,marktplaats,,,,,,,,https://www.marktplaats.nl/l/auto-s/renault/f/arkana+hybride-elektrisch-benzine/13786+13838/#mileageTo:40001%7CconstructionYearFrom:2022%7CconstructionYearTo:2022%7CsortBy:PRICE%7CsortOrder:INCREASING
MS_RENAULT_AUSTRAL_2022_FR,RENAULT,AUSTRAL,2022,FR,35000,0,leboncoin,,,,,,,,https://www.leboncoin.fr/recherche?category=2&u_car_brand=RENAULT&u_car_model=RENAULT_Austral&fuel=6&gearbox=2&regdate=2022-2022&mileage=min-35000&sort=price&order=asc
MS_RENAULT_AUSTRAL_2023_FR,RENAULT,AUSTRAL,2023,FR,35000,0,leboncoin,,,,,,,,https://www.leboncoin.fr/recherche?category=2&u_car_brand=RENAULT&u_car_model=RENAULT_Austral&fuel=6&gearbox=2&regdate=2023-2023&mileage=min-35000&sort=price&order=asc
MS_RENAULT_CAPTUR_2022_FR,RENAULT,CAPTUR,2022,FR,35000,0,leboncoin,,,,,,,,https://www.leboncoin.fr/recherche?category=2&u_car_brand=RENAULT&u_car_model=RENAULT_Captur&fuel=6&gearbox=2&regdate=2022-max&mileage=min-35000&sort=price&order=asc
MS_RENAULT_CLIO_2022_FR,RENAULT,CLIO,2022,FR,35000,0,leboncoin,,,,,,,,https://www.leboncoin.fr/recherche?category=2&u_car_brand=RENAULT&u_car_model=RENAULT_Clio&fuel=6&gearbox=2&regdate=2022-2022&mileage=min-35000&sort=price&order=asc
MS_RENAULT_CLIO_2023_FR,RENAULT,CLIO,2023,FR,35000,0,leboncoin,,,,,,,,https://www.leboncoin.fr/recherche?category=2&u_car_brand=RENAULT&u_car_model=RENAULT_Clio&fuel=6&gearbox=2&regdate=2023-2023&mileage=min-35000&sort=price&order=asc
MS_RENAULT_CAPTUR_2023_FR,RENAULT,Captur,2023,FR,35000,0,leboncoin,,,,,,,,https://www.leboncoin.fr/recherche?category=2&u_car_brand=RENAULT&u_car_model=RENAULT_Captur&fuel=6&gearbox=2&regdate=2023-2023&mileage=min-35000&sort=price&order=asc
MS_SUZUKI_IGNIS_2018_FR,SUZUKI,IGNIS,2018,FR,50000,0,leboncoin,,,,,,,,https://www.leboncoin.fr/recherche?category=2&u_car_brand=SUZUKI&u_car_model=SUZUKI_Ignis&fuel=6&mileage=min-50000&regdate=2018-2018&sort=price&order=asc
MS_SUZUKI_IGNIS_2019_FR,SUZUKI,IGNIS,2019,FR,50000,0,leboncoin,,,,,,,,https://www.leboncoin.fr/recherche?category=2&u_car_brand=SUZUKI&u_car_model=SUZUKI_Ignis&fuel=6&mileage=min-50000&regdate=2019-2019&sort=price&order=asc
MS_SUZUKI_IGNIS_2022_FR,SUZUKI,IGNIS,2022,FR,50000,0,leboncoin,,,,,,,,https://www.leboncoin.fr/recherche?category=2&u_car_brand=SUZUKI&u_car_model=SUZUKI_Ignis&fuel=6&mileage=min-50000&regdate=2022-2022&sort=price&order=asc
MS_SUZUKI_IGNIS_2023_FR,SUZUKI,IGNIS,2023,FR,50000,0,leboncoin,,,,,,,,https://www.leboncoin.fr/recherche?category=2&u_car_brand=SUZUKI&u_car_model=SUZUKI_Ignis&fuel=6&mileage=min-50000&regdate=2023-2023&sort=price&order=asc
MS_SUZUKI_IGNIS_2024_FR,SUZUKI,IGNIS,2024,FR,50000,0,leboncoin,,,,,,,,https://www.leboncoin.fr/recherche?category=2&u_car_brand=SUZUKI&u_car_model=SUZUKI_Ignis&fuel=6&mileage=min-50000&regdate=2024-2024&sort=price&order=asc
MS_SUZUKI_SCROSS_2019_FR,SUZUKI,S CROSS,2019,FR,50000,0,leboncoin,,,,,,,,"https://www.leboncoin.fr/recherche?category=2&u_car_brand=SUZUKI&u_car_model=SUZUKI_S-Cross&fuel=6,1&mileage=min-50000&regdate=2019-2019&sort=price&order=asc"
MS_SUZUKI_SWIFT_2018_FR,SUZUKI,SWIFT,2018,FR,0,50001,marktplaats,,,,,,,,https://www.marktplaats.nl/l/auto-s/suzuki/f/swift/1215/#mileageTo:50001%7CconstructionYearFrom:2018%7CconstructionYearTo:2018%7CsortBy:PRICE%7CsortOrder:INCREASING
MS_SUZUKI_SWIFT_2021_FR,SUZUKI,SWIFT,2021,FR,50000,0,leboncoin,,,,,,,,https://www.leboncoin.fr/recherche?category=2&u_car_brand=SUZUKI&u_car_model=SUZUKI_Swift&fuel=6&mileage=min-50000&regdate=2021-2021&sort=price&order=asc
MS_SUZUKI_SWIFT_2023_FR,SUZUKI,SWIFT,2023,FR,50000,0,leboncoin,,,,,,,,https://www.leboncoin.fr/recherche?category=2&u_car_brand=SUZUKI&u_car_model=SUZUKI_Swift&fuel=6&mileage=min-50000&regdate=2023-2023&sort=price&order=asc
MS_SUZUKI_VITARA_2017_FR,SUZUKI,VITARA,2017,FR,50000,0,leboncoin,,,,,,,,https://www.leboncoin.fr/recherche?category=2&u_car_brand=SUZUKI&u_car_model=SUZUKI_Vitara&fuel=1&mileage=min-50000&regdate=2017-2017&sort=price&order=asc
MS_SUZUKI_VITARA_2018_FR,SUZUKI,VITARA,2018,FR,50000,0,leboncoin,,,,,,,,https://www.leboncoin.fr/recherche?category=2&u_car_brand=SUZUKI&u_car_model=SUZUKI_Vitara&fuel=1&mileage=min-50000&regdate=2018-2018&sort=price&order=asc
MS_SUZUKI_VITARA_2019_FR,SUZUKI,VITARA,2019,FR,50000,0,leboncoin,,,,,,,,https://www.leboncoin.fr/recherche?category=2&u_car_brand=SUZUKI&u_car_model=SUZUKI_Vitara&fuel=1&mileage=min-50000&regdate=2019-2019&sort=price&order=asc
MS_SUZUKI_VITARA_2020_FR,SUZUKI,VITARA,2020,FR,50000,0,leboncoin,,,,,,,,https://www.leboncoin.fr/recherche?category=2&u_car_brand=SUZUKI&u_car_model=SUZUKI_Vitara&fuel=6&mileage=min-50000&regdate=2020-2020&sort=price&order=asc
MS_SUZUKI_VITARA_2021_FR,SUZUKI,VITARA,2021,FR,50000,0,leboncoin,,,,,,,,https://www.leboncoin.fr/recherche?category=2&u_car_brand=SUZUKI&u_car_model=SUZUKI_Vitara&fuel=6&mileage=min-50000&regdate=2021-2021&sort=price&order=asc
MS_SUZUKI_VITARA_2022_FR,SUZUKI,VITARA,2022,FR,50000,0,leboncoin,,,,,,,,https://www.leboncoin.fr/recherche?category=2&u_car_brand=SUZUKI&u_car_model=SUZUKI_Vitara&fuel=6&mileage=min-50000&regdate=2022-2022&sort=price&order=asc
MS_TOYOTA_AURIS_2017_FR,TOYOTA,AURIS,2017,FR,50000,0,leboncoin,,,,,,,,https://www.leboncoin.fr/recherche?category=2&u_car_brand=TOYOTA&u_car_model=TOYOTA_Auris&fuel=6&regdate=2017-2017&mileage=min-50000&sort=price&order=asc
MS_TOYOTA_AURIS_2018_FR,TOYOTA,AURIS,2018,FR,50000,0,leboncoin,,,,,,,,https://www.leboncoin.fr/recherche?category=2&u_car_brand=TOYOTA&u_car_model=TOYOTA_Auris&fuel=6&regdate=2018-2018&mileage=min-50000&sort=price&order=asc
MS_TOYOTA_AURIS_2018_FR,TOYOTA,AURIS,2018,FR,50000,0,leboncoin,,,,,,,,https://www.leboncoin.fr/recherche?category=2&u_car_brand=TOYOTA&u_car_model=TOYOTA_Auris&fuel=6&regdate=2018-2018&mileage=min-50000&sort=price&order=asc
MS_TOYOTA_AYGO_2017_FR,TOYOTA,AYGO,2017,FR,50000,0,leboncoin,,,,,,,,https://www.leboncoin.fr/recherche?category=2&u_car_brand=TOYOTA&u_car_model=TOYOTA_Aygo&fuel=1&mileage=min-50000&regdate=2017-2022&sort=price&order=asc
MS_TOYOTA_AURISTOURINGSPORTS_2017_FR,TOYOTA,Auris Touring Sports,2017,FR,50000,0,leboncoin,,,,,,,,https://www.leboncoin.fr/recherche?category=2&u_car_brand=TOYOTA&u_car_model=TOYOTA_Auris%20Touring%20Sports&fuel=6&mileage=min-50000&regdate=2017-2017&sort=price&order=asc
MS_TOYOTA_AURISTOURINGSPORTS_2018_FR,TOYOTA,Auris Touring Sports,2018,FR,50000,0,leboncoin,,,,,,,,https://www.leboncoin.fr/recherche?category=2&u_car_brand=TOYOTA&u_car_model=TOYOTA_Auris%20Touring%20Sports&fuel=6&mileage=min-50000&regdate=2018-2018&sort=price&order=asc
MS_TOYOTA_AURISTOURINGSPORTS_2019_FR,TOYOTA,Auris Touring Sports,2019,FR,50000,0,leboncoin,,,,,,,,https://www.leboncoin.fr/recherche?category=2&u_car_brand=TOYOTA&u_car_model=TOYOTA_Auris%20Touring%20Sports&fuel=6&mileage=min-50000&regdate=2019-2019&sort=price&order=asc
MS_TOYOTA_CHR_2017_FR,TOYOTA,CHR,2017,FR,50000,0,leboncoin,,,,,,,,https://www.leboncoin.fr/recherche?category=2&u_car_brand=TOYOTA&u_car_model=TOYOTA_C-HR&fuel=6&mileage=min-50000&regdate=2017-2017&sort=price&order=asc
MS_TOYOTA_CHR_2018_FR,TOYOTA,CHR,2018,FR,50000,0,leboncoin,,,,,,,,https://www.leboncoin.fr/recherche?category=2&u_car_brand=TOYOTA&u_car_model=TOYOTA_C-HR&fuel=6&mileage=min-50000&regdate=2018-2018&sort=price&order=asc
MS_TOYOTA_CHR_2019_FR,TOYOTA,CHR,2019,FR,50000,0,leboncoin,,,,,,,,https://www.leboncoin.fr/recherche?category=2&u_car_brand=TOYOTA&u_car_model=TOYOTA_C-HR&fuel=6&mileage=min-50000&regdate=2019-2019&sort=price&order=asc
MS_TOYOTA_CHR_2020_FR,TOYOTA,CHR,2020,FR,50000,0,leboncoin,,,,,,,,https://www.leboncoin.fr/recherche?category=2&u_car_brand=TOYOTA&u_car_model=TOYOTA_C-HR&fuel=6&mileage=min-50000&regdate=2020-2020&sort=price&order=asc
MS_TOYOTA_CHR_2021_FR,TOYOTA,CHR,2021,FR,50000,0,leboncoin,,,,,,,,https://www.leboncoin.fr/recherche?category=2&u_car_brand=TOYOTA&u_car_model=TOYOTA_C-HR&fuel=6&mileage=min-50000&regdate=2021-2021&sort=price&order=asc
MS_TOYOTA_CHR_2022_FR,TOYOTA,CHR,2022,FR,50000,0,leboncoin,,,,,,,,https://www.leboncoin.fr/recherche?category=2&u_car_brand=TOYOTA&u_car_model=TOYOTA_C-HR&fuel=6&mileage=min-50000&regdate=2022-2022&sort=price&order=asc
MS_TOYOTA_CHR_2023_FR,TOYOTA,CHR,2023,FR,50000,0,leboncoin,,,,,,,,https://www.leboncoin.fr/recherche?category=2&u_car_brand=TOYOTA&u_car_model=TOYOTA_C-HR&fuel=6&regdate=2023-2023&mileage=min-50000&sort=price&order=asc
MS_TOYOTA_COROLLA_2022_FR,TOYOTA,COROLLA,2022,FR,30000,0,leboncoin,,,,,,,,https://www.leboncoin.fr/recherche?category=2&u_car_brand=TOYOTA&u_car_model=TOYOTA_Corolla&fuel=6&vehicle_type=berline&regdate=2022-2022&mileage=min-30000&sort=price&order=asc
MS_TOYOTA_COROLLA_2023_FR,TOYOTA,COROLLA,2023,FR,30000,0,leboncoin,,,,,,,,https://www.leboncoin.fr/recherche?category=2&u_car_brand=TOYOTA&u_car_model=TOYOTA_Corolla&fuel=6&vehicle_type=berline&regdate=2023-2023&mileage=min-30000&sort=price&order=asc
MS_TOYOTA_COROLLA_2019_FR,TOYOTA,Corolla,2019,FR,50000,0,leboncoin,,,,,,,,https://www.leboncoin.fr/recherche?category=2&text=TOURING%20SPORT&u_car_brand=TOYOTA&u_car_model=TOYOTA_Corolla&fuel=6&regdate=2019-2019&mileage=min-50000&sort=price&order=asc
MS_TOYOTA_COROLLA_2020_FR,TOYOTA,Corolla,2020,FR,50000,0,leboncoin,,,,,,,,https://www.leboncoin.fr/recherche?category=2&text=TOURING%20SPORT&u_car_brand=TOYOTA&u_car_model=TOYOTA_Corolla&fuel=6&regdate=2020-2020&mileage=min-50000&sort=price&order=asc
MS_TOYOTA_COROLLA_2021_FR,TOYOTA,Corolla,2021,FR,50000,0,leboncoin,,,,,,,,https://www.leboncoin.fr/recherche?category=2&text=TOURING%20SPORT&u_car_brand=TOYOTA&u_car_model=TOYOTA_Corolla&fuel=6&regdate=2021-2021&mileage=min-50000&sort=price&order=asc
MS_TOYOTA_COROLLA_2022_FR,TOYOTA,Corolla,2022,FR,50000,0,leboncoin,,,,,,,,https://www.leboncoin.fr/recherche?category=2&text=TOURING%20SPORT&u_car_brand=TOYOTA&u_car_model=TOYOTA_Corolla&fuel=6&regdate=2022-2022&mileage=min-50000&sort=price&order=asc
MS_TOYOTA_COROLLA_2023_FR,TOYOTA,Corolla,2023,FR,50000,0,leboncoin,,,,,,,,https://www.leboncoin.fr/recherche?category=2&text=CROSS&u_car_brand=TOYOTA&u_car_model=TOYOTA_Corolla&fuel=6&mileage=min-50000&regdate=2023-2023&sort=price&order=asc
MS_TOYOTA_PRIUS_2017_FR,TOYOTA,PRIUS,2017,FR,50000,0,leboncoin,,,,,,,,https://www.leboncoin.fr/recherche?category=2&u_car_brand=TOYOTA&u_car_model=TOYOTA_Prius&fuel=6&regdate=2017-2017&mileage=min-50000&sort=price&order=asc
MS_TOYOTA_PRIUS_2018_FR,TOYOTA,PRIUS,2018,FR,50000,0,leboncoin,,,,,,,,https://www.leboncoin.fr/recherche?category=2&u_car_brand=TOYOTA&u_car_model=TOYOTA_Prius&fuel=6&regdate=2018-2018&mileage=min-50000&sort=price&order=asc
MS_TOYOTA_PRIUS_2019_FR,TOYOTA,PRIUS,2019,FR,50000,0,leboncoin,,,,,,,,https://www.leboncoin.fr/recherche?category=2&u_car_brand=TOYOTA&u_car_model=TOYOTA_Prius&fuel=6&regdate=2019-2019&mileage=min-50000&sort=price&order=asc
MS_TOYOTA_PRIUS_2020_FR,TOYOTA,PRIUS,2020,FR,50000,0,leboncoin,,,,,,,,https://www.leboncoin.fr/recherche?category=2&u_car_brand=TOYOTA&u_car_model=TOYOTA_Prius&fuel=6&regdate=2020-2020&mileage=min-50000&sort=price&order=asc
MS_TOYOTA_PRIUS_2021_FR,TOYOTA,PRIUS,2021,FR,50000,0,leboncoin,,,,,,,,https://www.leboncoin.fr/recherche?category=2&u_car_brand=TOYOTA&u_car_model=TOYOTA_Prius&fuel=6&regdate=2021-2021&mileage=min-50000&sort=price&order=asc
MS_TOYOTA_PRIUS_2022_FR,TOYOTA,PRIUS,2022,FR,50000,0,leboncoin,,,,,,,,https://www.leboncoin.fr/recherche?category=2&u_car_brand=TOYOTA&u_car_model=TOYOTA_Prius&fuel=6&regdate=2022-2022&mileage=min-50000&sort=price&order=asc
MS_TOYOTA_PRIUS_2023_FR,TOYOTA,PRIUS,2023,FR,50000,0,leboncoin,,,,,,,,https://www.leboncoin.fr/recherche?category=2&u_car_brand=TOYOTA&u_car_model=TOYOTA_Prius&fuel=6&regdate=2023-2023&mileage=min-50000&sort=price&order=asc
MS_TOYOTA_RAV4_2017_FR,TOYOTA,RAV 4,2017,FR,50000,0,leboncoin,,,,,,,,https://www.leboncoin.fr/recherche?category=2&u_car_brand=TOYOTA&u_car_model=TOYOTA_RAV4&fuel=6&regdate=2017-2017&mileage=min-50000&sort=price&order=asc
MS_TOYOTA_RAV4_2021_FR,TOYOTA,RAV 4,2021,FR,50000,0,leboncoin,,,,,,,,https://www.leboncoin.fr/recherche?category=2&u_car_brand=TOYOTA&u_car_model=TOYOTA_RAV4&fuel=6&regdate=2021-2021&mileage=min-50000&sort=price&order=asc
MS_TOYOTA_RAV4_2022_FR,TOYOTA,RAV 4,2022,FR,50000,0,leboncoin,,,,,,,,https://www.leboncoin.fr/recherche?category=2&u_car_brand=TOYOTA&u_car_model=TOYOTA_RAV4&fuel=6&regdate=2022-2022&mileage=min-50000&sort=price&order=asc
MS_TOYOTA_RAV4_2023_FR,TOYOTA,RAV 4,2023,FR,50000,0,leboncoin,,,,,,,,https://www.leboncoin.fr/recherche?category=2&u_car_brand=TOYOTA&u_car_model=TOYOTA_RAV4&fuel=6&regdate=2023-2023&mileage=min-50000&sort=price&order=asc
MS_TOYOTA_RAV4_2018_FR,TOYOTA,RAV4,2018,FR,50000,0,leboncoin,,,,,,,,https://www.leboncoin.fr/recherche?category=2&u_car_brand=TOYOTA&u_car_model=TOYOTA_RAV4&fuel=6&regdate=2018-2018&mileage=min-50000&sort=price&order=asc
MS_TOYOTA_RAV4_2020_FR,TOYOTA,RAV4,2020,FR,30000,0,leboncoin,,,,,,,,https://www.leboncoin.fr/recherche?category=2&u_car_brand=TOYOTA&u_car_model=TOYOTA_RAV4&fuel=6&regdate=2020-2020&mileage=min-30000&sort=price&order=asc
MS_TOYOTA_YARIS_2018_FR,TOYOTA,YARIS,2018,FR,50000,0,leboncoin,,,,,,,,https://www.leboncoin.fr/recherche?category=2&u_car_brand=TOYOTA&u_car_model=TOYOTA_Yaris&fuel=6&mileage=min-50000&regdate=2018-2018&sort=price&order=asc
MS_TOYOTA_YARIS_2019_FR,TOYOTA,YARIS,2019,FR,50000,0,leboncoin,,,,,,,,https://www.leboncoin.fr/recherche?category=2&u_car_brand=TOYOTA&u_car_model=TOYOTA_Yaris&fuel=6&mileage=min-50000&regdate=2019-2019&sort=price&order=asc
MS_TOYOTA_YARIS_2020_FR,TOYOTA,YARIS,2020,FR,50000,0,leboncoin,,,,,,,,https://www.leboncoin.fr/recherche?category=2&u_car_brand=TOYOTA&u_car_model=TOYOTA_Yaris&fuel=6&mileage=min-50000&regdate=2020-2020&sort=price&order=asc
MS_TOYOTA_YARIS_2021_FR,TOYOTA,YARIS,2021,FR,50000,0,leboncoin,,,,,,,,https://www.leboncoin.fr/recherche?category=2&u_car_brand=TOYOTA&u_car_model=TOYOTA_Yaris&fuel=6&mileage=min-50000&regdate=2021-2021&sort=price&order=asc
MS_TOYOTA_YARIS_2022_FR,TOYOTA,YARIS,2022,FR,50000,0,leboncoin,,,,,,,,https://www.leboncoin.fr/recherche?category=2&u_car_brand=TOYOTA&u_car_model=TOYOTA_Yaris&fuel=6&mileage=min-50000&regdate=2022-2022&sort=price&order=asc
MS_TOYOTA_YARIS_2023_FR,TOYOTA,YARIS,2023,FR,50000,0,leboncoin,,,,,,,,https://www.leboncoin.fr/recherche?category=2&u_car_brand=TOYOTA&u_car_model=TOYOTA_Yaris&fuel=6&mileage=min-50000&regdate=2023-2023&sort=price&order=asc
MS_TOYOTA_YARISCROSS_2021_FR,TOYOTA,YARIS CROSS,2021,FR,50000,0,leboncoin,,,,,,,,https://www.leboncoin.fr/recherche?category=2&u_car_brand=TOYOTA&u_car_model=TOYOTA_Yaris%20Cross&fuel=6&regdate=2021-2021&mileage=min-50000&sort=price&order=asc
MS_TOYOTA_YARISCROSS_2022_FR,TOYOTA,YARIS CROSS,2022,FR,50000,0,leboncoin,,,,,,,,https://www.leboncoin.fr/recherche?category=2&u_car_brand=TOYOTA&u_car_model=TOYOTA_Yaris%20Cross&fuel=6&regdate=2022-2022&mileage=min-50000&sort=price&order=asc
MS_TOYOTA_YARISCROSS_2022_FR,TOYOTA,YARIS CROSS,2022,FR,50000,0,leboncoin,,,,,,,,https://www.leboncoin.fr/recherche?category=2&u_car_brand=TOYOTA&u_car_model=TOYOTA_Yaris%20Cross&fuel=6&regdate=2022-2023&mileage=min-50000&sort=price&order=asc
MS_TOYOTA_YARIS_2021_FR,TOYOTA,Yaris,2021,FR,35000,0,leboncoin,,,,,,,,https://www.leboncoin.fr/recherche?category=2&text=iconic&u_car_brand=TOYOTA&u_car_model=TOYOTA_Yaris&fuel=6&regdate=2021-max&mileage=min-35000&sort=price&order=asc
MS_TOYOTA_YARIS_2022_FR,TOYOTA,Yaris,2022,FR,35000,0,leboncoin,,,,,,,,https://www.leboncoin.fr/recherche?category=2&text=iconic&u_car_brand=TOYOTA&u_car_model=TOYOTA_Yaris&fuel=6&regdate=2022-max&mileage=min-35000&sort=price&order=asc
MS_TOYOTA_YARIS_2023_FR,TOYOTA,Yaris,2023,FR,50000,0,leboncoin,,,,,,,,https://www.leboncoin.fr/recherche?category=2&text=GR&u_car_brand=TOYOTA&u_car_model=TOYOTA_Yaris&fuel=6&mileage=min-50000&regdate=2023-2023&sort=price&order=asc
MS_TOYOTA_YARISCROSS_2023_FR,TOYOTA,Yaris Cross,2023,FR,50000,0,leboncoin,,,,,,,,https://www.leboncoin.fr/recherche?category=2&text=GR&u_car_brand=TOYOTA&u_car_model=TOYOTA_Yaris%20Cross&fuel=6&regdate=2023-2023&mileage=min-50000&sort=price&order=asc
MS_VOLKSWAGEN_GOLF_2022_FR,VOLKSWAGEN,GOLF,2022,FR,40000,0,leboncoin,,,,,,,,https://www.leboncoin.fr/recherche?category=2&u_car_brand=VOLKSWAGEN&u_car_model=VOLKSWAGEN_Golf&fuel=6&regdate=2022-max&mileage=min-40000&sort=price&order=asc
MS_VOLKSWAGEN_MULTIVAN_2022_FR,VOLKSWAGEN,MULTIVAN,2022,FR,40000,0,leboncoin,,,,,,,,https://www.leboncoin.fr/recherche?category=2&u_car_brand=VOLKSWAGEN&u_car_model=VOLKSWAGEN_Multivan&fuel=6&regdate=2022-max&mileage=min-40000&sort=price&order=asc
MS_VOLKSWAGEN_TIGUAN_2021_FR,VOLKSWAGEN,TIGUAN,2021,FR,40000,0,leboncoin,,,,,,,,https://www.leboncoin.fr/recherche?category=2&u_car_brand=VOLKSWAGEN&u_car_model=VOLKSWAGEN_Tiguan&fuel=6&regdate=2021-2021&mileage=min-40000&sort=price&order=asc&kst=k
MS_VOLKSWAGEN_TIGUAN_2022_FR,VOLKSWAGEN,TIGUAN,2022,FR,40000,0,leboncoin,,,,,,,,https://www.leboncoin.fr/recherche?category=2&u_car_brand=VOLKSWAGEN&u_car_model=VOLKSWAGEN_Tiguan&fuel=6&regdate=2022-max&mileage=min-40000&sort=price&order=asc
MS_VOLKSWAGEN_TOUAREG_2021_FR,VOLKSWAGEN,TOUAREG,2021,FR,50000,0,leboncoin,,,,,,,,https://www.leboncoin.fr/recherche?category=2&u_car_brand=VOLKSWAGEN&u_car_model=VOLKSWAGEN_Touareg&fuel=6&regdate=2021-max&mileage=min-50000&sort=price&order=asc
MS_AUDI_A3_2022_NL,AUDI,A3,2022,NL,0,40001,marktplaats,,,,,,,,https://www.marktplaats.nl/l/auto-s/audi/f/a3+hybride-elektrisch-benzine/560+13838/#constructionYearFrom:2022%7CmileageTo:40001%7CsortBy:PRICE%7CsortOrder:INCREASING
MS_AUDI_A4_2022_NL,AUDI,A4,2022,NL,0,40001,marktplaats,,,,,,,,https://www.marktplaats.nl/l/auto-s/audi/f/a4+hybride-elektrisch-benzine/561+13838/#constructionYearFrom:2022%7CmileageTo:40001%7CsortBy:PRICE%7CsortOrder:INCREASING
MS_AUDI_A6_2022_NL,AUDI,A6,2022,NL,0,40001,marktplaats,,,,,,,,https://www.marktplaats.nl/l/auto-s/audi/f/a6+hybride-elektrisch-benzine/562+13838/#constructionYearFrom:2022%7CmileageTo:40001%7CsortBy:PRICE%7CsortOrder:INCREASING
MS_AUDI_Q3_2022_NL,AUDI,Q3,2022,NL,0,40001,marktplaats,,,,,,,,https://www.marktplaats.nl/l/auto-s/audi/f/q3+hybride-elektrisch-benzine/10664+13838/#constructionYearFrom:2022%7CmileageTo:40001%7CsortBy:PRICE%7CsortOrder:INCREASING
MS_AUDI_Q5_2022_NL,AUDI,Q5,2022,NL,0,40001,marktplaats,,,,,,,,https://www.marktplaats.nl/l/auto-s/audi/f/q5+hybride-elektrisch-benzine/581+13838/#constructionYearFrom:2022%7CmileageTo:40001%7CsortBy:PRICE%7CsortOrder:INCREASING
MS_AUDI_Q8_2022_NL,AUDI,Q8,2022,NL,0,40001,marktplaats,,,,,,,,https://www.marktplaats.nl/l/auto-s/audi/f/q8+hybride-elektrisch-benzine/11868+13838/#constructionYearFrom:2022%7CmileageTo:40001%7CsortBy:PRICE%7CsortOrder:INCREASING
MS_BMW_1SERIE_2022_NL,BMW,1-Serie,2022,NL,0,0,marktplaats,,,,,,,,https://www.marktplaats.nl/l/auto-s/bmw/f/1-serie+hybride-elektrisch-benzine/613+13838/#constructionYearFrom:2022%7CsortBy:PRICE%7CsortOrder:INCREASING
MS_BMW_2SERIEACTIVETOURER_2022_NL,BMW,2-Serie-Active-Tourer,2022,NL,0,0,marktplaats,,,,,,,,https://www.marktplaats.nl/l/auto-s/bmw/f/2-serie-active-tourer+hybride-elektrisch-benzine/11585+13838/#constructionYearFrom:2022%7CsortBy:PRICE%7CsortOrder:INCREASING
MS_BMW_3SERIE_2023_NL,BMW,3-Serie,2023,NL,0,0,marktplaats,,,,,,,,https://www.marktplaats.nl/l/auto-s/bmw/f/3-serie+hybride-elektrisch-benzine/610+13838/#constructionYearFrom:2023%7CsortBy:PRICE%7CsortOrder:INCREASING
MS_BMW_5SERIE_2023_NL,BMW,5-Serie,2023,NL,0,0,marktplaats,,,,,,,,https://www.marktplaats.nl/l/auto-s/bmw/f/5-serie+hybride-elektrisch-benzine/611+13838/#constructionYearFrom:2023%7CsortBy:PRICE%7CsortOrder:INCREASING
MS_BMW_X1_2023_NL,BMW,X1,2023,NL,0,0,marktplaats,,,,,,,,https://www.marktplaats.nl/l/auto-s/bmw/f/x1+hybride-elektrisch-benzine/622+13838/#q:m%7CconstructionYearFrom:2023%7CsortBy:PRICE%7CsortOrder:INCREASING
MS_BMW_X2_2022_NL,BMW,X2,2022,NL,0,0,marktplaats,,,,,,,,https://www.marktplaats.nl/l/auto-s/bmw/f/x2+hybride-elektrisch-benzine/11865+13838/#q:m%7CconstructionYearFrom:2022%7CsortBy:PRICE%7CsortOrder:INCREASING%7CsearchInTitleAndDescription:true
MS_BMW_X3_2022_NL,BMW,X3,2022,NL,0,60001,marktplaats,,,,,,,,https://www.marktplaats.nl/l/auto-s/bmw/f/x3+hybride-elektrisch-benzine/617+13838/#q:m%7CconstructionYearFrom:2022%7CmileageTo:60001%7CsortBy:PRICE%7CsortOrder:INCREASING%7CsearchInTitleAndDescription:true
MS_BMW_X5_2023_NL,BMW,X5,2023,NL,0,0,marktplaats,,,,,,,,https://www.marktplaats.nl/l/auto-s/bmw/f/x5+hybride-elektrisch-benzine/618+13838/#q:m%7CconstructionYearFrom:2023%7CsortBy:PRICE%7CsortOrder:INCREASING%7CsearchInTitleAndDescription:true
MS_HONDA_CRV_2022_NL,HONDA,CR-V,2022,NL,0,40000,marktplaats,,,,,,,,https://www.marktplaats.nl/l/auto-s/honda/f/cr-v/816/#f:10882%7CconstructionYearFrom:2022%7CmileageTo:40000
MS_HONDA_HRV_2022_NL,HONDA,HR-V,2022,NL,0,40000,marktplaats,,,,,,,,https://www.marktplaats.nl/l/auto-s/honda/f/hr-v/818/#f:10882%7CconstructionYearFrom:2022%7CmileageTo:40000
MS_HYUNDAI_KONA_2021_NL,HYUNDAI,KONA,2021,NL,0,20001,marktplaats,,,,,,,,https://www.marktplaats.nl/l/auto-s/hyundai/f/kona+hybride-elektrisch-benzine/11901+13838/#mileageTo:20001%7CconstructionYearFrom:2021%7CconstructionYearTo:2021%7CsortBy:PRICE%7CsortOrder:INCREASING
MS_HYUNDAI_KONA_2022_NL,HYUNDAI,KONA,2022,NL,0,20001,marktplaats,,,,,,,,https://www.marktplaats.nl/l/auto-s/hyundai/f/kona+hybride-elektrisch-benzine/11901+13838/#mileageTo:20001%7CconstructionYearFrom:2022%7CconstructionYearTo:2022%7CsortBy:PRICE%7CsortOrder:INCREASING
MS_HYUNDAI_TUCSON_2022_NL,HYUNDAI,TUCSON,2022,NL,0,20001,marktplaats,,,,,,,,https://www.marktplaats.nl/l/auto-s/hyundai/f/tucson+hybride-elektrisch-benzine/850+13838/#constructionYearFrom:2022%7CconstructionYearTo:2022%7CmileageTo:20001
MS_HYUNDAI_TUCSON_2022_NL,HYUNDAI,TUCSON,2022,NL,0,20001,marktplaats,,,,,,,,https://www.marktplaats.nl/l/auto-s/hyundai/f/tucson+hybride-elektrisch-benzine/850+13838/#q:n+line%7CconstructionYearFrom:2022%7CconstructionYearTo:2022%7CmileageTo:20001%7CsortBy:PRICE%7CsortOrder:INCREASING
MS_HYUNDAI_TUCSON_2022_NL,HYUNDAI,TUCSON,2022,NL,0,20001,marktplaats,,,,,,,,https://www.marktplaats.nl/l/auto-s/hyundai/f/tucson+hybride-elektrisch-benzine/850+13838/#q:premium%7CconstructionYearFrom:2022%7CconstructionYearTo:2022%7CmileageTo:20001%7CsortBy:PRICE%7CsortOrder:INCREASING%7CsearchInTitleAndDescription:true
MS_JEEP_COMPASS_2023_NL,JEEP,COMPASS,2023,NL,0,35000,marktplaats,,,,,,,,"https://www.marktplaats.nl/l/auto-s/jeep/f/compass+elektrisch/876+11756/#f:10882,13838%7CconstructionYearFrom:2023%7CmileageTo:35000%7CengineHorsepowerFrom:175%7CsortBy:PRICE%7CsortOrder:INCREASING"
MS_JEEP_RENEGADE_2023_NL,JEEP,RENEGADE,2023,NL,0,35000,marktplaats,,,,,,,,"https://www.marktplaats.nl/l/auto-s/jeep/f/renegade+elektrisch/10921+11756/#f:10882,13838%7CconstructionYearFrom:2023%7CmileageTo:35000%7CengineHorsepowerFrom:175%7CsortBy:PRICE%7CsortOrder:INCREASING"
MS_KIA_CEED_2019_NL,KIA,CEED,2019,NL,0,40001,marktplaats,,,,,,,,https://www.marktplaats.nl/l/auto-s/kia/#q:ceed%7CmileageTo:40001%7CconstructionYearFrom:2019%7CconstructionYearTo:2019%7CsortBy:PRICE%7CsortOrder:INCREASING%7CsearchInTitleAndDescription:true
MS_KIA_CEED_2019_NL,KIA,CEED,2019,NL,0,40001,marktplaats,,,,,,,,https://www.marktplaats.nl/l/auto-s/kia/#q:ceed%7CmileageTo:40001%7CconstructionYearFrom:2019%7CconstructionYearTo:2019%7CsortBy:PRICE%7CsortOrder:INCREASING%7CsearchInTitleAndDescription:true
MS_KIA_CEED_2020_NL,KIA,CEED,2020,NL,0,40001,marktplaats,,,,,,,,https://www.marktplaats.nl/l/auto-s/kia/#q:ceed%7CmileageTo:40001%7CconstructionYearFrom:2020%7CconstructionYearTo:2020%7CsortBy:PRICE%7CsortOrder:INCREASING%7CsearchInTitleAndDescription:true
MS_KIA_CEED_2021_NL,KIA,CEED,2021,NL,0,40001,marktplaats,,,,,,,,https://www.marktplaats.nl/l/auto-s/kia/#q:ceed%7CmileageTo:40001%7CconstructionYearFrom:2021%7CconstructionYearTo:2021%7CsortBy:PRICE%7CsortOrder:INCREASING%7CsearchInTitleAndDescription:true
MS_KIA_CEED_2022_NL,KIA,CEED,2022,NL,0,40001,marktplaats,,,,,,,,https://www.marktplaats.nl/l/auto-s/kia/#q:ceed%7CmileageTo:40001%7CconstructionYearFrom:2022%7CconstructionYearTo:2022%7CsortBy:PRICE%7CsortOrder:INCREASING
MS_KIA_NIRO_2018_NL,KIA,NIRO,2018,NL,0,40000,marktplaats,,,,,,,,"https://www.marktplaats.nl/l/auto-s/kia/f/niro+hybride-elektrisch-benzine/11678+13838/#f:10882,13839%7CmileageTo:40000%7CconstructionYearFrom:2018%7CconstructionYearTo:2018"
MS_KIA_NIRO_2022_NL,KIA,NIRO,2022,NL,0,40000,marktplaats,,,,,,,,"https://www.marktplaats.nl/l/auto-s/kia/f/niro+hybride-elektrisch-benzine/11678+13838/#f:10882,13839%7CmileageTo:40000%7CconstructionYearFrom:2022%7CconstructionYearTo:2022"
MS_KIA_PICANTO_2017_NL,KIA,PICANTO,2017,NL,0,40001,marktplaats,,,,,,,,https://www.marktplaats.nl/l/auto-s/kia/f/picanto/887/#mileageTo:40001%7CconstructionYearFrom:2017%7CconstructionYearTo:2017%7CsortBy:PRICE%7CsortOrder:INCREASING
MS_KIA_PICANTO_2019_NL,KIA,PICANTO,2019,NL,0,40001,marktplaats,,,,,,,,https://www.marktplaats.nl/l/auto-s/kia/f/picanto/887/#mileageTo:40001%7CconstructionYearFrom:2019%7CconstructionYearTo:2019%7CsortBy:PRICE%7CsortOrder:INCREASING
MS_KIA_PICANTO_2020_NL,KIA,PICANTO,2020,NL,0,40001,marktplaats,,,,,,,,https://www.marktplaats.nl/l/auto-s/kia/f/picanto/887/#mileageTo:40001%7CconstructionYearFrom:2020%7CconstructionYearTo:2020%7CsortBy:PRICE%7CsortOrder:INCREASING
MS_KIA_PICANTO_2021_NL,KIA,PICANTO,2021,NL,0,40001,marktplaats,,,,,,,,https://www.marktplaats.nl/l/auto-s/kia/f/picanto/887/#mileageTo:40001%7CconstructionYearFrom:2021%7CconstructionYearTo:2021%7CsortBy:PRICE%7CsortOrder:INCREASING
MS_KIA_PICANTO_2022_NL,KIA,PICANTO,2022,NL,0,40001,marktplaats,,,,,,,,https://www.marktplaats.nl/l/auto-s/kia/f/picanto/887/#mileageTo:40001%7CconstructionYearFrom:2022%7CconstructionYearTo:2022%7CsortBy:PRICE%7CsortOrder:INCREASING
MS_KIA_PROCEED_2019_NL,KIA,PRO CEED,2019,NL,0,40001,marktplaats,,,,,,,,https://www.marktplaats.nl/l/auto-s/kia/f/pro-cee-d/883/#constructionYearFrom:2019%7CconstructionYearTo:2019%7CmileageTo:40001
MS_KIA_PROCEED_2020_NL,KIA,PRO CEED,2020,NL,0,40001,marktplaats,,,,,,,,https://www.marktplaats.nl/l/auto-s/kia/f/pro-cee-d/883/#mileageTo:40001%7CconstructionYearFrom:2020%7CconstructionYearTo:2020%7CsortBy:PRICE%7CsortOrder:INCREASING
MS_KIA_PROCEED_2021_NL,KIA,PRO CEED,2021,NL,0,40001,marktplaats,,,,,,,,https://www.marktplaats.nl/l/auto-s/kia/f/pro-cee-d+hybride-elektrisch-benzine/883+13838/#mileageTo:40001%7CconstructionYearFrom:2021%7CconstructionYearTo:2021%7CsortBy:PRICE%7CsortOrder:INCREASING
MS_KIA_PROCEED_2022_NL,KIA,PRO CEED,2022,NL,0,40001,marktplaats,,,,,,,,https://www.marktplaats.nl/l/auto-s/kia/f/pro-cee-d+hybride-elektrisch-benzine/883+13838/#mileageTo:40001%7CconstructionYearFrom:2022%7CconstructionYearTo:2022%7CsortBy:PRICE%7CsortOrder:INCREASING
MS_KIA_PICANTO_2018_NL,KIA,Picanto,2018,NL,0,40001,marktplaats,,,,,,,,https://www.marktplaats.nl/l/auto-s/kia/f/picanto/887/#mileageTo:40001%7CconstructionYearFrom:2018%7CconstructionYearTo:2018%7CsortBy:PRICE%7CsortOrder:INCREASING
MS_KIA_PICANTO_2022_NL,KIA,Picanto,2022,NL,0,40001,marktplaats,,,,,,,,https://www.marktplaats.nl/l/auto-s/kia/f/picanto/887/#mileageTo:40001%7CconstructionYearFrom:2022%7CconstructionYearTo:2022%7CsortBy:PRICE%7CsortOrder:INCREASING
MS_KIA_PROCEED_2022_NL,KIA,Pro-Cee-D,2022,NL,0,40001,marktplaats,,,,,,,,https://www.marktplaats.nl/l/auto-s/kia/f/pro-cee-d+hybride-elektrisch-benzine/883+13838/#mileageTo:40001%7CconstructionYearFrom:2022%7CconstructionYearTo:2022%7CsortBy:PRICE%7CsortOrder:INCREASING
MS_KIA_RIO_2021_NL,KIA,RIO,2021,NL,0,40000,marktplaats,,,,,,,,"https://www.marktplaats.nl/l/auto-s/kia/f/rio+hybride-elektrisch-benzine/889+13838/#f:10882,13839%7CconstructionYearFrom:2021%7CconstructionYearTo:2021%7CmileageTo:40000"
MS_KIA_RIO_2022_NL,KIA,RIO,2022,NL,0,40000,marktplaats,,,,,,,,"https://www.marktplaats.nl/l/auto-s/kia/f/rio+hybride-elektrisch-benzine/889+13838/#f:10882,13839%7CconstructionYearFrom:2022%7CconstructionYearTo:2022%7CmileageTo:40000%7CsortBy:PRICE%7CsortOrder:INCREASING"
MS_KIA_SPORTAGE_2021_NL,KIA,SPORTAGE,2021,NL,0,40001,marktplaats,,,,,,,,https://www.marktplaats.nl/l/auto-s/kia/f/sportage/892/#mileageTo:40001%7CconstructionYearFrom:2021%7CconstructionYearTo:2021%7CsortBy:PRICE%7CsortOrder:INCREASING
MS_KIA_SPORTAGE_2022_NL,KIA,SPORTAGE,2022,NL,0,40001,marktplaats,,,,,,,,https://www.marktplaats.nl/l/auto-s/kia/f/sportage/892/#mileageTo:40001%7CconstructionYearFrom:2022%7CconstructionYearTo:2022%7CsortBy:PRICE%7CsortOrder:INCREASING
MS_KIA_SPORTAGE_2023_NL,KIA,SPORTAGE,2023,NL,0,40001,marktplaats,,,,,,,,https://www.marktplaats.nl/l/auto-s/kia/f/sportage/892/#q:gt+line%7CmileageTo:40001%7CconstructionYearFrom:2023%7CconstructionYearTo:2023%7CsortBy:PRICE%7CsortOrder:INCREASING
MS_KIA_STONIC_2017_NL,KIA,STONIC,2017,NL,0,40001,marktplaats,,,,,,,,https://www.marktplaats.nl/l/auto-s/kia/f/stonic/11681/#mileageTo:40001%7CconstructionYearFrom:2017%7CconstructionYearTo:2017%7CsortBy:PRICE%7CsortOrder:INCREASING
MS_KIA_STONIC_2018_NL,KIA,STONIC,2018,NL,0,40001,marktplaats,,,,,,,,https://www.marktplaats.nl/l/auto-s/kia/f/stonic/11681/#mileageTo:40001%7CconstructionYearFrom:2018%7CconstructionYearTo:2018%7CsortBy:PRICE%7CsortOrder:INCREASING
MS_KIA_STONIC_2019_NL,KIA,STONIC,2019,NL,0,40001,marktplaats,,,,,,,,https://www.marktplaats.nl/l/auto-s/kia/f/stonic/11681/#mileageTo:40001%7CconstructionYearFrom:2019%7CconstructionYearTo:2019%7CsortBy:PRICE%7CsortOrder:INCREASING
MS_KIA_STONIC_2022_NL,KIA,STONIC,2022,NL,0,40001,marktplaats,,,,,,,,https://www.marktplaats.nl/l/auto-s/kia/f/stonic/11681/#mileageTo:40001%7CconstructionYearFrom:2022%7CconstructionYearTo:2022%7CsortBy:PRICE%7CsortOrder:INCREASING
MS_KIA_STONIC_2023_NL,KIA,STONIC,2023,NL,0,40001,marktplaats,,,,,,,,https://www.marktplaats.nl/l/auto-s/kia/f/stonic/11681/#mileageTo:40001%7CconstructionYearFrom:2023%7CconstructionYearTo:2023%7CsortBy:PRICE%7CsortOrder:INCREASING
MS_KIA_XCEED_2020_NL,KIA,X-CEED,2020,NL,0,40000,marktplaats,,,,,,,,"https://www.marktplaats.nl/l/auto-s/kia/f/xceed+hybride-elektrisch-benzine/14010+13838/#f:10882,13839%7CmileageTo:40000%7CconstructionYearFrom:2020%7CconstructionYearTo:2020%7CsortBy:PRICE%7CsortOrder:INCREASING"
MS_KIA_XCEED_2021_NL,KIA,X-CEED,2021,NL,0,40000,marktplaats,,,,,,,,"https://www.marktplaats.nl/l/auto-s/kia/f/xceed+hybride-elektrisch-benzine/14010+13838/#f:10882,13839%7CmileageTo:40000%7CconstructionYearFrom:2021%7CconstructionYearTo:2021%7CsortBy:PRICE%7CsortOrder:INCREASING"
MS_KIA_XCEED_2022_NL,KIA,X-CEED,2022,NL,0,40000,marktplaats,,,,,,,,"https://www.marktplaats.nl/l/auto-s/kia/f/xceed+hybride-elektrisch-benzine/14010+13838/#f:10882,13839%7CmileageTo:40000%7CconstructionYearFrom:2022%7CconstructionYearTo:2022"
MS_KIA_XCEED_2023_NL,KIA,X-CEED,2023,NL,0,40000,marktplaats,,,,,,,,"https://www.marktplaats.nl/l/auto-s/kia/f/xceed+hybride-elektrisch-benzine/14010+13838/#f:10882,13839%7CmileageTo:40000%7CconstructionYearFrom:2023%7CconstructionYearTo:2023"
MS_LEXUS_CTH_2018_NL,LEXUS,Ct-H,2018,NL,0,40001,marktplaats,,,,,,,,https://www.marktplaats.nl/l/auto-s/lexus/f/ct-h/932/#constructionYearFrom:2018%7CconstructionYearTo:2018%7CmileageTo:40001
MS_LEXUS_CTH_2020_NL,LEXUS,Ct-H,2020,NL,0,0,marktplaats,,,,,,,,https://www.marktplaats.nl/l/auto-s/lexus/f/ct-h/932/#constructionYearFrom:2020%7CconstructionYearTo:2020
MS_LEXUS_ES_2020_NL,LEXUS,Es,2020,NL,0,0,marktplaats,,,,,,,,https://www.marktplaats.nl/l/auto-s/lexus/f/es+hybride-elektrisch-benzine/925+13838/#f:10882%7CconstructionYearFrom:2020%7CsortBy:PRICE%7CsortOrder:INCREASING
MS_LEXUS_ES_2022_NL,LEXUS,Es,2022,NL,0,40001,marktplaats,,,,,,,,https://www.marktplaats.nl/l/auto-s/lexus/f/es/925/#mileageTo:40001%7CconstructionYearFrom:2022%7CconstructionYearTo:2022
MS_LEXUS_ES_2023_NL,LEXUS,Es,2023,NL,0,40001,marktplaats,,,,,,,,https://www.marktplaats.nl/l/auto-s/lexus/f/es/925/#mileageTo:40001%7CconstructionYearFrom:2023%7CconstructionYearTo:2023
MS_LEXUS_LEXUSNX_2018_NL,LEXUS,LEXUS NX,2018,NL,0,0,v,,,,,,,,http://v/
MS_LEXUS_NX_2016_NL,LEXUS,NX,2016,NL,40000,0,leboncoin,,,,,,,,https://www.leboncoin.fr/recherche?category=2&u_car_brand=LEXUS&u_car_model=LEXUS_NX&mileage=min-40000&regdate=2016-2016&sort=price&order=asc
MS_LEXUS_RXH_2018_NL,LEXUS,Rx-H,2018,NL,0,50001,marktplaats,,,,,,,,https://www.marktplaats.nl/l/auto-s/lexus/f/rx-h+hybride-elektrisch-benzine/929+13838/#mileageTo:50001%7CconstructionYearFrom:2018%7CconstructionYearTo:2018%7CsortBy:PRICE%7CsortOrder:INCREASING
MS_LEXUS_RXH_2019_NL,LEXUS,Rx-H,2019,NL,0,50001,marktplaats,,,,,,,,https://www.marktplaats.nl/l/auto-s/lexus/f/rx-h+hybride-elektrisch-benzine/929+13838/#mileageTo:50001%7CconstructionYearFrom:2019%7CconstructionYearTo:2019%7CsortBy:PRICE%7CsortOrder:INCREASING
MS_LEXUS_RXH_2019_NL,LEXUS,Rx-H,2019,NL,0,50001,marktplaats,,,,,,,,https://www.marktplaats.nl/l/auto-s/lexus/f/rx-h+hybride-elektrisch-benzine/929+13838/#mileageTo:50001%7CconstructionYearFrom:2019%7CconstructionYearTo:2019%7CsortBy:PRICE%7CsortOrder:INCREASING
MS_LEXUS_RXH_2021_NL,LEXUS,Rx-H,2021,NL,0,50001,marktplaats,,,,,,,,https://www.marktplaats.nl/l/auto-s/lexus/f/rx-h+hybride-elektrisch-benzine/929+13838/#mileageTo:50001%7CconstructionYearFrom:2021%7CconstructionYearTo:2021%7CsortBy:PRICE%7CsortOrder:INCREASING
MS_LEXUS_RXH_2021_NL,LEXUS,Rx-H,2021,NL,0,50001,marktplaats,,,,,,,,https://www.marktplaats.nl/l/auto-s/lexus/f/rx-h+hybride-elektrisch-benzine/929+13838/#mileageTo:50001%7CconstructionYearFrom:2021%7CconstructionYearTo:2021%7CsortBy:PRICE%7CsortOrder:INCREASING
MS_LEXUS_RXH_2022_NL,LEXUS,Rx-H,2022,NL,0,50001,marktplaats,,,,,,,,https://www.marktplaats.nl/l/auto-s/lexus/f/rx-h+hybride-elektrisch-benzine/929+13838/#mileageTo:50001%7CconstructionYearFrom:2022%7CconstructionYearTo:2022%7CsortBy:PRICE%7CsortOrder:INCREASING
MS_LEXUS_RXH_2023_NL,LEXUS,Rx-H,2023,NL,0,50001,marktplaats,,,,,,,,https://www.marktplaats.nl/l/auto-s/lexus/f/rx-h+hybride-elektrisch-benzine/929+13838/#mileageTo:50001%7CconstructionYearFrom:2023%7CconstructionYearTo:2023%7CsortBy:PRICE%7CsortOrder:INCREASING
MS_LEXUS_RXH_2023_NL,LEXUS,Rx-H,2023,NL,0,50001,marktplaats,,,,,,,,https://www.marktplaats.nl/l/auto-s/lexus/f/rx-h+hybride-elektrisch-benzine/929+13838/#mileageTo:50001%7CconstructionYearFrom:2023%7CconstructionYearTo:2023%7CsortBy:PRICE%7CsortOrder:INCREASING
MS_LEXUS_UX_2019_NL,LEXUS,Ux,2019,NL,0,40001,marktplaats,,,,,,,,https://www.marktplaats.nl/l/auto-s/lexus/f/ux/11902/#mileageTo:40001%7CconstructionYearFrom:2019%7CconstructionYearTo:2019
MS_LEXUS_UX_2020_NL,LEXUS,Ux,2020,NL,0,0,marktplaats,,,,,,,,https://www.marktplaats.nl/l/auto-s/lexus/f/ux+hybride-elektrisch-benzine/11902+13838/#f:10882%7CconstructionYearFrom:2020%7CsortBy:PRICE%7CsortOrder:INCREASING
MS_LEXUS_UX_2022_NL,LEXUS,Ux,2022,NL,0,40001,marktplaats,,,,,,,,https://www.marktplaats.nl/l/auto-s/lexus/f/ux/11902/#mileageTo:40001%7CconstructionYearFrom:2022%7CconstructionYearTo:2022
MS_MERCEDESBENZ_AKLASSE_2022_NL,MERCEDES-BENZ,A-Klasse,2022,NL,0,40001,marktplaats,,,,,,,,https://www.marktplaats.nl/l/auto-s/mercedes-benz/f/a-klasse+hybride-elektrisch-benzine/964+13838/#mileageTo:40001%7CsortBy:PRICE%7CsortOrder:INCREASING
MS_MERCEDESBENZ_BKLASSE_2022_NL,MERCEDES-BENZ,B-Klasse,2022,NL,0,40001,marktplaats,,,,,,,,https://www.marktplaats.nl/l/auto-s/mercedes-benz/f/b-klasse+hybride-elektrisch-benzine/973+13838/#mileageTo:40001%7CsortBy:PRICE%7CsortOrder:INCREASING
MS_MERCEDESBENZ_CKLASSE_2022_NL,MERCEDES-BENZ,C-Klasse,2022,NL,0,40001,marktplaats,,,,,,,,https://www.marktplaats.nl/l/auto-s/mercedes-benz/f/c-klasse+hybride-elektrisch-benzine/965+13838/#mileageTo:40001%7CsortBy:PRICE%7CsortOrder:INCREASING
MS_MERCEDESBENZ_CLA_2022_NL,MERCEDES-BENZ,CLA,2022,NL,0,40001,marktplaats,,,,,,,,https://www.marktplaats.nl/l/auto-s/mercedes-benz/f/cla+hybride-elektrisch-benzine/10886+13838/#q:amg%7CmileageTo:40001%7CconstructionYearFrom:2022%7CsortBy:PRICE%7CsortOrder:INCREASING%7CsearchInTitleAndDescription:true
MS_MERCEDESBENZ_EKLASSE_2022_NL,MERCEDES-BENZ,E-Klasse,2022,NL,0,40001,marktplaats,,,,,,,,https://www.marktplaats.nl/l/auto-s/mercedes-benz/f/e-klasse+hybride-elektrisch-benzine/966+13838/#q:amg%7CmileageTo:40001%7CconstructionYearFrom:2022%7CsortBy:PRICE%7CsortOrder:INCREASING%7CsearchInTitleAndDescription:true
MS_MERCEDESBENZ_GLA_2022_NL,MERCEDES-BENZ,GLA,2022,NL,0,40001,marktplaats,,,,,,,,https://www.marktplaats.nl/l/auto-s/mercedes-benz/f/gla+hybride-elektrisch-benzine/11592+13838/#q:amg%7CmileageTo:40001%7CconstructionYearFrom:2022%7CsortBy:PRICE%7CsortOrder:INCREASING%7CsearchInTitleAndDescription:true
MS_MERCEDESBENZ_GLC_2022_NL,MERCEDES-BENZ,GLC,2022,NL,0,40001,marktplaats,,,,,,,,https://www.marktplaats.nl/l/auto-s/mercedes-benz/f/glc+hybride-elektrisch-benzine/11690+13838/#q:amg%7CmileageTo:40001%7CconstructionYearFrom:2022%7CsortBy:PRICE%7CsortOrder:INCREASING%7CsearchInTitleAndDescription:true
MS_MERCEDESBENZ_GLE_2022_NL,MERCEDES-BENZ,GLE,2022,NL,0,40001,marktplaats,,,,,,,,https://www.marktplaats.nl/l/auto-s/mercedes-benz/f/gle+hybride-elektrisch-benzine/11593+13838/#q:amg%7CmileageTo:40001%7CconstructionYearFrom:2022%7CsortBy:PRICE%7CsortOrder:INCREASING%7CsearchInTitleAndDescription:true
MS_MERCEDESBENZ_SKLASSE_2022_NL,MERCEDES-BENZ,S-Klasse,2022,NL,0,40001,marktplaats,,,,,,,,https://www.marktplaats.nl/l/auto-s/mercedes-benz/f/s-klasse+hybride-elektrisch-benzine/969+13838/#q:amg%7CmileageTo:40001%7CconstructionYearFrom:2022%7CsortBy:PRICE%7CsortOrder:INCREASING%7CsearchInTitleAndDescription:true
MS_NISSAN_JUKE_2022_NL,NISSAN,JUKE,2022,NL,0,60001,marktplaats,,,,,,,,https://www.marktplaats.nl/l/auto-s/nissan/f/juke+hybride-elektrisch-benzine/1043+13838/#constructionYearFrom:2022%7CmileageTo:60001%7CsortBy:PRICE%7CsortOrder:INCREASING
MS_NISSAN_QASHQAI_2022_NL,NISSAN,QASHQAI,2022,NL,0,0,marktplaats,,,,,,,,https://www.marktplaats.nl/l/auto-s/nissan/f/qashqai+hybride-elektrisch-benzine/1033+13838/#constructionYearFrom:2022%7CsortBy:PRICE%7CsortOrder:INCREASING
MS_NISSAN_XTRAIL_2022_NL,NISSAN,X-TRAIL,2022,NL,0,60001,marktplaats,,,,,,,,https://www.marktplaats.nl/l/auto-s/nissan/f/x-trail+hybride-elektrisch-benzine/1027+13838/#constructionYearFrom:2022%7CmileageTo:60001%7CsortBy:PRICE%7CsortOrder:INCREASING
MS_PEUGEOT_2008_2021_NL,PEUGEOT,2008,2021,NL,0,50000,marktplaats,,,,,,,,"https://www.marktplaats.nl/l/auto-s/peugeot/f/2008+hybride-elektrisch-benzine/10776+13838/#f:10882,13839%7CconstructionYearFrom:2021%7CmileageTo:50000"
MS_PEUGEOT_308_2021_NL,PEUGEOT,308,2021,NL,0,50000,marktplaats,,,,,,,,"https://www.marktplaats.nl/l/auto-s/peugeot/f/308+hybride-elektrisch-benzine/1099+13838/#f:10882,13839%7CconstructionYearFrom:2021%7CmileageTo:50000%7CsortBy:PRICE%7CsortOrder:INCREASING"
MS_PEUGEOT_508_2021_NL,PEUGEOT,508,2021,NL,0,0,www.gaspedaal.nl,,,,,,,,https://www.gaspedaal.nl/peugeot/508/hybride?bmin=2021&kmax=40000&trefw=PSE&srt=pr-a
MS_RENAULT_ARKANA_2022_NL,RENAULT,ARKANA,2022,NL,35000,0,leboncoin,,,,,,,,https://www.leboncoin.fr/recherche?category=2&u_car_brand=RENAULT&u_car_model=RENAULT_Arkana&fuel=6&gearbox=2&regdate=2022-2022&mileage=min-35000&sort=price&order=asc
MS_RENAULT_AUSTRAL_2022_NL,RENAULT,AUSTRAL,2022,NL,0,40001,marktplaats,,,,,,,,https://www.marktplaats.nl/l/auto-s/renault/f/austral+hybride-elektrisch-benzine/13833+13838/#mileageTo:40001%7CconstructionYearFrom:2022%7CconstructionYearTo:2022%7CsortBy:PRICE%7CsortOrder:INCREASING
MS_RENAULT_AUSTRAL_2023_NL,RENAULT,AUSTRAL,2023,NL,0,40001,marktplaats,,,,,,,,https://www.marktplaats.nl/l/auto-s/renault/f/austral+hybride-elektrisch-benzine/13833+13838/#mileageTo:40001%7CconstructionYearFrom:2023%7CconstructionYearTo:2023%7CsortBy:PRICE%7CsortOrder:INCREASING
MS_RENAULT_CAPTUR_2022_NL,RENAULT,CAPTUR,2022,NL,0,35000,marktplaats,,,,,,,,"https://www.marktplaats.nl/l/auto-s/renault/f/captur+hybride-elektrisch-benzine/10890+13838/#f:10882,13956%7CconstructionYearFrom:2022%7CmileageTo:35000%7CsortBy:PRICE%7CsortOrder:INCREASING"
MS_RENAULT_CLIO_2022_NL,RENAULT,CLIO,2022,NL,0,40001,marktplaats,,,,,,,,https://www.marktplaats.nl/l/auto-s/renault/f/clio+hybride-elektrisch-benzine/1125+13838/#mileageTo:40001%7CconstructionYearFrom:2022%7CconstructionYearTo:2022%7CsortBy:PRICE%7CsortOrder:INCREASING
MS_RENAULT_CLIO_2023_NL,RENAULT,CLIO,2023,NL,0,40001,marktplaats,,,,,,,,https://www.marktplaats.nl/l/auto-s/renault/f/clio+hybride-elektrisch-benzine/1125+13838/#constructionYearFrom:2023%7CconstructionYearTo:2023%7CmileageTo:40001%7CsortBy:PRICE%7CsortOrder:INCREASING
MS_RENAULT_CAPTUR_2023_NL,RENAULT,Captur,2023,NL,0,35000,marktplaats,,,,,,,,"https://www.marktplaats.nl/l/auto-s/renault/f/captur+hybride-elektrisch-benzine/10890+13838/#f:10882,13956%7CmileageTo:35000%7CconstructionYearFrom:2023%7CconstructionYearTo:2023%7CsortBy:PRICE%7CsortOrder:INCREASING"
MS_SUZUKI_IGNIS_2018_NL,SUZUKI,IGNIS,2018,NL,0,50001,marktplaats,,,,,,,,https://www.marktplaats.nl/l/auto-s/suzuki/f/ignis/1217/#mileageTo:50001%7CconstructionYearFrom:2018%7CconstructionYearTo:2018%7CsortBy:PRICE%7CsortOrder:INCREASING
MS_SUZUKI_IGNIS_2019_NL,SUZUKI,IGNIS,2019,NL,0,50001,marktplaats,,,,,,,,https://www.marktplaats.nl/l/auto-s/suzuki/f/ignis/1217/#mileageTo:50001%7CconstructionYearFrom:2019%7CconstructionYearTo:2019%7CsortBy:PRICE%7CsortOrder:INCREASING
MS_SUZUKI_IGNIS_2022_NL,SUZUKI,IGNIS,2022,NL,0,50001,marktplaats,,,,,,,,https://www.marktplaats.nl/l/auto-s/suzuki/f/ignis/1217/#mileageTo:50001%7CconstructionYearFrom:2022%7CconstructionYearTo:2022%7CsortBy:PRICE%7CsortOrder:INCREASING
MS_SUZUKI_IGNIS_2023_NL,SUZUKI,IGNIS,2023,NL,0,50001,marktplaats,,,,,,,,https://www.marktplaats.nl/l/auto-s/suzuki/f/ignis/1217/#mileageTo:50001%7CconstructionYearFrom:2023%7CconstructionYearTo:2023%7CsortBy:PRICE%7CsortOrder:INCREASING
MS_SUZUKI_IGNIS_2024_NL,SUZUKI,IGNIS,2024,NL,0,50001,marktplaats,,,,,,,,https://www.marktplaats.nl/l/auto-s/suzuki/f/ignis/1217/#mileageTo:50001%7CconstructionYearFrom:2024%7CconstructionYearTo:2024%7CsortBy:PRICE%7CsortOrder:INCREASING
MS_SUZUKI_SCROSS_2019_NL,SUZUKI,S CROSS,2019,NL,0,50001,marktplaats,,,,,,,,https://www.marktplaats.nl/l/auto-s/suzuki/f/s-cross/10802/#mileageTo:50001%7CconstructionYearFrom:2019%7CconstructionYearTo:2019%7CsortBy:PRICE%7CsortOrder:INCREASING
MS_SUZUKI_SWIFT_2018_NL,SUZUKI,SWIFT,2018,NL,50000,0,leboncoin,,,,,,,,https://www.leboncoin.fr/recherche?category=2&u_car_brand=SUZUKI&u_car_model=SUZUKI_Swift&fuel=6&mileage=min-50000&regdate=2018-2018&sort=price&order=asc
MS_SUZUKI_SWIFT_2021_NL,SUZUKI,SWIFT,2021,NL,0,50001,marktplaats,,,,,,,,https://www.marktplaats.nl/l/auto-s/suzuki/f/swift/1215/#mileageTo:50001%7CconstructionYearFrom:2021%7CconstructionYearTo:2021%7CsortBy:PRICE%7CsortOrder:INCREASING
MS_SUZUKI_SWIFT_2023_NL,SUZUKI,SWIFT,2023,NL,0,50001,marktplaats,,,,,,,,https://www.marktplaats.nl/l/auto-s/suzuki/f/swift/1215/#mileageTo:50001%7CconstructionYearFrom:2023%7CconstructionYearTo:2023%7CsortBy:PRICE%7CsortOrder:INCREASING
MS_SUZUKI_VITARA_2017_NL,SUZUKI,VITARA,2017,NL,0,50001,marktplaats,,,,,,,,https://www.marktplaats.nl/l/auto-s/suzuki/f/vitara/1216/#mileageTo:50001%7CconstructionYearFrom:2017%7CconstructionYearTo:2017%7CsortBy:PRICE%7CsortOrder:INCREASING
MS_SUZUKI_VITARA_2019_NL,SUZUKI,VITARA,2019,NL,0,50001,marktplaats,,,,,,,,https://www.marktplaats.nl/l/auto-s/suzuki/f/vitara/1216/#mileageTo:50001%7CconstructionYearFrom:2019%7CconstructionYearTo:2019%7CsortBy:PRICE%7CsortOrder:INCREASING
MS_SUZUKI_VITARA_2020_NL,SUZUKI,VITARA,2020,NL,0,50001,marktplaats,,,,,,,,https://www.marktplaats.nl/l/auto-s/suzuki/f/vitara/1216/#mileageTo:50001%7CconstructionYearFrom:2020%7CconstructionYearTo:2020%7CsortBy:PRICE%7CsortOrder:INCREASING
MS_SUZUKI_VITARA_2021_NL,SUZUKI,VITARA,2021,NL,0,50001,marktplaats,,,,,,,,https://www.marktplaats.nl/l/auto-s/suzuki/f/vitara/1216/#mileageTo:50001%7CconstructionYearFrom:2021%7CconstructionYearTo:2021%7CsortBy:PRICE%7CsortOrder:INCREASING
MS_SUZUKI_VITARA_2022_NL,SUZUKI,VITARA,2022,NL,0,50001,marktplaats,,,,,,,,https://www.marktplaats.nl/l/auto-s/suzuki/f/vitara/1216/#mileageTo:50001%7CconstructionYearFrom:2022%7CconstructionYearTo:2022%7CsortBy:PRICE%7CsortOrder:INCREASING
MS_TOYOTA_AURIS_2017_NL,TOYOTA,AURIS,2017,NL,0,30001,marktplaats,,,,,,,,https://www.marktplaats.nl/l/auto-s/toyota/f/auris/1239/#mileageTo:30001%7CconstructionYearFrom:2017%7CconstructionYearTo:2017%7CsortBy:PRICE%7CsortOrder:INCREASING
MS_TOYOTA_AURIS_2018_NL,TOYOTA,AURIS,2018,NL,0,30001,marktplaats,,,,,,,,https://www.marktplaats.nl/l/auto-s/toyota/f/auris/1239/#mileageTo:30001%7CconstructionYearFrom:2018%7CconstructionYearTo:2018%7CsortBy:PRICE%7CsortOrder:INCREASING
MS_TOYOTA_AURIS_2019_NL,TOYOTA,AURIS,2019,NL,0,30001,marktplaats,,,,,,,,https://www.marktplaats.nl/l/auto-s/toyota/f/auris/1239/#mileageTo:30001%7CconstructionYearFrom:2019%7CconstructionYearTo:2019%7CsortBy:PRICE%7CsortOrder:INCREASING
MS_TOYOTA_AYGO_2017_NL,TOYOTA,AYGO,2017,NL,0,50001,marktplaats,,,,,,,,https://www.marktplaats.nl/l/auto-s/toyota/f/aygo/1241/#mileageTo:50001%7CconstructionYearFrom:2017%7CconstructionYearTo:2022
MS_TOYOTA_CHR_2017_NL,TOYOTA,CHR,2017,NL,0,50001,marktplaats,,,,,,,,https://www.marktplaats.nl/l/auto-s/toyota/f/c-hr+hybride-elektrisch-benzine/11718+13838/#mileageTo:50001%7CconstructionYearFrom:2017%7CconstructionYearTo:2017
MS_TOYOTA_CHR_2018_NL,TOYOTA,CHR,2018,NL,0,50001,marktplaats,,,,,,,,https://www.marktplaats.nl/l/auto-s/toyota/f/c-hr+hybride-elektrisch-benzine/11718+13838/#mileageTo:50001%7CconstructionYearFrom:2018%7CconstructionYearTo:2018
MS_TOYOTA_CHR_2019_NL,TOYOTA,CHR,2019,NL,0,50001,marktplaats,,,,,,,,https://www.marktplaats.nl/l/auto-s/toyota/f/c-hr+hybride-elektrisch-benzine/11718+13838/#mileageTo:50001%7CconstructionYearFrom:2019%7CconstructionYearTo:2019
MS_TOYOTA_CHR_2020_NL,TOYOTA,CHR,2020,NL,0,50001,marktplaats,,,,,,,,https://www.marktplaats.nl/l/auto-s/toyota/f/c-hr+hybride-elektrisch-benzine/11718+13838/#mileageTo:50001%7CconstructionYearFrom:2020%7CconstructionYearTo:2020
MS_TOYOTA_CHR_2021_NL,TOYOTA,CHR,2021,NL,0,50001,marktplaats,,,,,,,,https://www.marktplaats.nl/l/auto-s/toyota/f/c-hr+hybride-elektrisch-benzine/11718+13838/#mileageTo:50001%7CconstructionYearFrom:2021%7CconstructionYearTo:2021
MS_TOYOTA_CHR_2022_NL,TOYOTA,CHR,2022,NL,0,50001,marktplaats,,,,,,,,https://www.marktplaats.nl/l/auto-s/toyota/f/c-hr+hybride-elektrisch-benzine/11718+13838/#mileageTo:50001%7CconstructionYearFrom:2022%7CconstructionYearTo:2022
MS_TOYOTA_CHR_2023_NL,TOYOTA,CHR,2023,NL,0,50001,marktplaats,,,,,,,,https://www.marktplaats.nl/l/auto-s/toyota/f/c-hr+hybride-elektrisch-benzine/11718+13838/#mileageTo:50001%7CconstructionYearFrom:2023%7CconstructionYearTo:2023%7CsortBy:PRICE%7CsortOrder:INCREASING
MS_TOYOTA_COROLLA_2022_NL,TOYOTA,COROLLA,2022,NL,0,30001,marktplaats,,,,,,,,https://www.marktplaats.nl/l/auto-s/toyota/f/corolla/1230/#mileageTo:30001%7CconstructionYearFrom:2022%7CconstructionYearTo:2022%7CsortBy:PRICE%7CsortOrder:INCREASING
MS_TOYOTA_COROLLA_2023_NL,TOYOTA,COROLLA,2023,NL,0,30001,marktplaats,,,,,,,,https://www.marktplaats.nl/l/auto-s/toyota/f/corolla/1230/#mileageTo:30001%7CconstructionYearFrom:2023%7CconstructionYearTo:2023%7CsortBy:PRICE%7CsortOrder:INCREASING
MS_TOYOTA_COROLLACROSS_2022_NL,TOYOTA,COROLLA CROSS,2022,NL,0,50001,marktplaats,,,,,,,,https://www.marktplaats.nl/l/auto-s/toyota/f/corolla-cross/13884/#mileageTo:50001%7CconstructionYearFrom:2022%7CconstructionYearTo:2022%7CsortBy:PRICE%7CsortOrder:INCREASING
MS_TOYOTA_COROLLACROSS_2023_NL,TOYOTA,COROLLA CROSS,2023,NL,0,50001,marktplaats,,,,,,,,https://www.marktplaats.nl/l/auto-s/toyota/f/corolla-cross/13884/#mileageTo:50001%7CconstructionYearFrom:2023%7CconstructionYearTo:2023%7CsortBy:PRICE%7CsortOrder:INCREASING
MS_TOYOTA_COROLLATS_2021_NL,TOYOTA,Corolla-Ts,2021,NL,0,50001,marktplaats,,,,,,,,https://www.marktplaats.nl/l/auto-s/toyota/f/corolla-ts/13885/#mileageTo:50001%7CconstructionYearFrom:2021%7CconstructionYearTo:2021%7CsortBy:PRICE%7CsortOrder:INCREASING
MS_TOYOTA_COROLLATS_2022_NL,TOYOTA,Corolla-Ts,2022,NL,0,50001,marktplaats,,,,,,,,https://www.marktplaats.nl/l/auto-s/toyota/f/corolla-ts/13885/#mileageTo:50001%7CconstructionYearFrom:2022%7CconstructionYearTo:2022%7CsortBy:PRICE%7CsortOrder:INCREASING
MS_TOYOTA_PRIUS_2017_NL,TOYOTA,PRIUS,2017,NL,0,50001,marktplaats,,,,,,,,https://www.marktplaats.nl/l/auto-s/toyota/f/prius+hybride-elektrisch-benzine/1247+13838/#f:10882%7CconstructionYearFrom:2017%7CconstructionYearTo:2017%7CmileageTo:50001%7CsortBy:PRICE%7CsortOrder:INCREASING
MS_TOYOTA_PRIUS_2018_NL,TOYOTA,PRIUS,2018,NL,0,50001,marktplaats,,,,,,,,https://www.marktplaats.nl/l/auto-s/toyota/f/prius+hybride-elektrisch-benzine/1247+13838/#f:10882%7CmileageTo:50001%7CconstructionYearFrom:2018%7CconstructionYearTo:2018%7CsortBy:PRICE%7CsortOrder:INCREASING
MS_TOYOTA_PRIUS_2019_NL,TOYOTA,PRIUS,2019,NL,0,50001,marktplaats,,,,,,,,https://www.marktplaats.nl/l/auto-s/toyota/f/prius+hybride-elektrisch-benzine/1247+13838/#f:10882%7CmileageTo:50001%7CconstructionYearFrom:2019%7CconstructionYearTo:2019%7CsortBy:PRICE%7CsortOrder:INCREASING
MS_TOYOTA_PRIUS_2020_NL,TOYOTA,PRIUS,2020,NL,0,50001,marktplaats,,,,,,,,https://www.marktplaats.nl/l/auto-s/toyota/f/prius+hybride-elektrisch-benzine/1247+13838/#f:10882%7CmileageTo:50001%7CconstructionYearFrom:2020%7CconstructionYearTo:2020%7CsortBy:PRICE%7CsortOrder:INCREASING
MS_TOYOTA_PRIUS_2021_NL,TOYOTA,PRIUS,2021,NL,0,50001,marktplaats,,,,,,,,https://www.marktplaats.nl/l/auto-s/toyota/f/prius+hybride-elektrisch-benzine/1247+13838/#f:10882%7CmileageTo:50001%7CconstructionYearFrom:2021%7CconstructionYearTo:2021%7CsortBy:PRICE%7CsortOrder:INCREASING
MS_TOYOTA_PRIUS_2022_NL,TOYOTA,PRIUS,2022,NL,0,50001,marktplaats,,,,,,,,https://www.marktplaats.nl/l/auto-s/toyota/f/prius+hybride-elektrisch-benzine/1247+13838/#f:10882%7CmileageTo:50001%7CconstructionYearFrom:2022%7CconstructionYearTo:2022%7CsortBy:PRICE%7CsortOrder:INCREASING
MS_TOYOTA_PRIUS_2023_NL,TOYOTA,PRIUS,2023,NL,0,50001,marktplaats,,,,,,,,https://www.marktplaats.nl/l/auto-s/toyota/f/prius+hybride-elektrisch-benzine/1247+13838/#f:10882%7CmileageTo:50001%7CconstructionYearFrom:2023%7CconstructionYearTo:2023%7CsortBy:PRICE%7CsortOrder:INCREASING
MS_TOYOTA_RAV4_2017_NL,TOYOTA,RAV 4,2017,NL,0,50001,marktplaats,,,,,,,,https://www.marktplaats.nl/l/auto-s/toyota/f/rav4+hybride-elektrisch-benzine/1237+13838/#f:10882%7CconstructionYearFrom:2017%7CconstructionYearTo:2017%7CmileageTo:50001%7CsortBy:PRICE%7CsortOrder:INCREASING
MS_TOYOTA_RAV4_2018_NL,TOYOTA,RAV 4,2018,NL,0,50000,marktplaats,,,,,,,,https://www.marktplaats.nl/l/auto-s/toyota/f/rav4+hybride-elektrisch-benzine/1237+13838/#f:10882%7CmileageTo:50000%7CconstructionYearFrom:2018%7CconstructionYearTo:2018%7CsortBy:PRICE%7CsortOrder:INCREASING
MS_TOYOTA_RAV4_2021_NL,TOYOTA,RAV 4,2021,NL,0,50000,marktplaats,,,,,,,,https://www.marktplaats.nl/l/auto-s/toyota/f/rav4+hybride-elektrisch-benzine/1237+13838/#f:10882%7CmileageTo:50000%7CconstructionYearFrom:2021%7CconstructionYearTo:2021%7CsortBy:PRICE%7CsortOrder:INCREASING
MS_TOYOTA_RAV4_2022_NL,TOYOTA,RAV 4,2022,NL,0,50000,marktplaats,,,,,,,,https://www.marktplaats.nl/l/auto-s/toyota/f/rav4+hybride-elektrisch-benzine/1237+13838/#f:10882%7CmileageTo:50000%7CconstructionYearFrom:2022%7CconstructionYearTo:2022%7CsortBy:PRICE%7CsortOrder:INCREASING
MS_TOYOTA_RAV4_2023_NL,TOYOTA,RAV 4,2023,NL,0,50000,marktplaats,,,,,,,,https://www.marktplaats.nl/l/auto-s/toyota/f/rav4+hybride-elektrisch-benzine/1237+13838/#f:10882%7CmileageTo:50000%7CconstructionYearFrom:2023%7CconstructionYearTo:2023%7CsortBy:PRICE%7CsortOrder:INCREASING
MS_TOYOTA_RAV4_2020_NL,TOYOTA,RAV4,2020,NL,0,50000,marktplaats,,,,,,,,https://www.marktplaats.nl/l/auto-s/toyota/f/rav4+hybride-elektrisch-benzine/1237+13838/#f:10882%7CmileageTo:50000%7CconstructionYearFrom:2020%7CconstructionYearTo:2020%7CsortBy:PRICE%7CsortOrder:INCREASING
MS_TOYOTA_YARIS_2019_NL,TOYOTA,YARIS,2019,NL,0,50001,marktplaats,,,,,,,,https://www.marktplaats.nl/l/auto-s/toyota/f/yaris+hybride-elektrisch-benzine/1232+13838/#q:gr%7CmileageTo:50001%7CconstructionYearFrom:2019%7CconstructionYearTo:2019%7CsearchInTitleAndDescription:true
MS_TOYOTA_YARIS_2022_NL,TOYOTA,YARIS,2022,NL,0,0,marktplaats,,,,,,,,https://www.marktplaats.nl/l/auto-s/toyota/f/yaris+hybride-elektrisch-benzine/1232+13838/#constructionYearFrom:2022%7CconstructionYearTo:2022%7CsortBy:PRICE%7CsortOrder:INCREASING
MS_TOYOTA_YARIS_2023_NL,TOYOTA,YARIS,2023,NL,0,50001,marktplaats,,,,,,,,https://www.marktplaats.nl/l/auto-s/toyota/f/yaris+hybride-elektrisch-benzine/1232+13838/#mileageTo:50001%7CconstructionYearFrom:2023%7CconstructionYearTo:2023
MS_TOYOTA_YARISCROSS_2021_NL,TOYOTA,YARIS CROSS,2021,NL,0,30001,marktplaats,,,,,,,,https://www.marktplaats.nl/l/auto-s/toyota/f/yaris-cross/13882/#mileageTo:30001%7CconstructionYearFrom:2021%7CconstructionYearTo:2021%7CsortBy:PRICE%7CsortOrder:INCREASING
MS_TOYOTA_YARISCROSS_2022_NL,TOYOTA,YARIS CROSS,2022,NL,0,30001,marktplaats,,,,,,,,https://www.marktplaats.nl/l/auto-s/toyota/f/yaris-cross/13882/#mileageTo:30001%7CconstructionYearFrom:2022%7CconstructionYearTo:2022%7CsortBy:PRICE%7CsortOrder:INCREASING
MS_TOYOTA_YARISCROSS_2023_NL,TOYOTA,YARIS CROSS,2023,NL,0,30001,marktplaats,,,,,,,,https://www.marktplaats.nl/l/auto-s/toyota/f/yaris-cross/13882/#mileageTo:30001%7CconstructionYearFrom:2023%7CconstructionYearTo:2023%7CsortBy:PRICE%7CsortOrder:INCREASING
MS_TOYOTA_YARIS_2019_NL,TOYOTA,Yaris,2019,NL,0,50001,marktplaats,,,,,,,,https://www.marktplaats.nl/l/auto-s/toyota/f/yaris+hybride-elektrisch-benzine/1232+13838/#q:gr%7CmileageTo:50001%7CconstructionYearFrom:2019%7CconstructionYearTo:2019%7CsearchInTitleAndDescription:true
MS_TOYOTA_YARIS_2023_NL,TOYOTA,Yaris,2023,NL,0,50001,marktplaats,,,,,,,,https://www.marktplaats.nl/l/auto-s/toyota/f/yaris+hybride-elektrisch-benzine/1232+13838/#q:gr%7CmileageTo:50001%7CconstructionYearFrom:2023%7CconstructionYearTo:2023
MS_TOYOTA_YARISCROSS_2023_NL,TOYOTA,Yaris-Cross,2023,NL,0,30001,marktplaats,,,,,,,,https://www.marktplaats.nl/l/auto-s/toyota/f/yaris-cross/13882/#q:gr%7CmileageTo:30001%7CconstructionYearFrom:2023%7CconstructionYearTo:2023%7CsortBy:PRICE%7CsortOrder:INCREASING
MS_VOLKSWAGEN_GOLF_2022_NL,VOLKSWAGEN,GOLF,2022,NL,0,50000,marktplaats,,,,,,,,"https://www.marktplaats.nl/l/auto-s/volkswagen/f/golf+hybride-elektrisch-benzine/1260+13838/#f:10882,534,13839%7CconstructionYearFrom:2022%7CmileageTo:50000%7CsortBy:PRICE%7CsortOrder:INCREASING"
MS_VOLKSWAGEN_MULTIVAN_2022_NL,VOLKSWAGEN,MULTIVAN,2022,NL,0,50000,marktplaats,,,,,,,,"https://www.marktplaats.nl/l/auto-s/volkswagen/f/multivan+hybride-elektrisch-benzine/10654+13838/#f:10882,534,13839%7CconstructionYearFrom:2022%7CmileageTo:50000%7CsortBy:PRICE%7CsortOrder:INCREASING"
MS_VOLKSWAGEN_TIGUAN_2021_NL,VOLKSWAGEN,TIGUAN,2021,NL,0,50000,marktplaats,,,,,,,,"https://www.marktplaats.nl/l/auto-s/volkswagen/f/tiguan+hybride-elektrisch-benzine/1275+13838/#f:10882,534,13839%7CmileageTo:50000%7CconstructionYearFrom:2021%7CconstructionYearTo:2021%7CsortBy:PRICE%7CsortOrder:INCREASING"
MS_VOLKSWAGEN_TIGUAN_2022_NL,VOLKSWAGEN,TIGUAN,2022,NL,0,50000,marktplaats,,,,,,,,"https://www.marktplaats.nl/l/auto-s/volkswagen/f/tiguan+hybride-elektrisch-benzine/1275+13838/#f:10882,534,13839%7CconstructionYearFrom:2022%7CmileageTo:50000%7CsortBy:PRICE%7CsortOrder:INCREASING"
MS_VOLKSWAGEN_TOUAREG_2021_NL,VOLKSWAGEN,TOUAREG,2021,NL,0,50000,marktplaats,,,,,,,,"https://www.marktplaats.nl/l/auto-s/volkswagen/f/touareg+hybride-elektrisch-benzine/1276+13838/#f:10882,534,13839%7CmileageTo:50000%7CconstructionYearFrom:2021%7CsortBy:PRICE%7CsortOrder:INCREASING"
MS_LEXUS_CT_2021_,LEXUS,CT,2021,,40000,0,leboncoin,,,,,,,,https://www.leboncoin.fr/recherche?category=2&u_car_brand=LEXUS&u_car_model=LEXUS_CT&mileage=min-40000&regdate=2021-2021&sort=price&order=asc
MS_LEXUS_ES_2020_,LEXUS,Es,2020,,0,0,marktplaats,,,,,,,,https://www.marktplaats.nl/l/auto-s/lexus/f/es+hybride-elektrisch-benzine/925+13838/#f:10882%7CconstructionYearFrom:2020%7CsortBy:PRICE%7CsortOrder:INCREASING
MS_LEXUS_IS_2019_,LEXUS,IS,2019,,40000,0,leboncoin,,,,,,,,https://www.leboncoin.fr/recherche?category=2&u_car_brand=LEXUS&u_car_model=LEXUS_IS&mileage=min-40000&regdate=2019-2019&sort=price&order=asc
MS_LEXUS_IS_2020_,LEXUS,IS,2020,,40000,0,leboncoin,,,,,,,,https://www.leboncoin.fr/recherche?category=2&u_car_brand=LEXUS&u_car_model=LEXUS_IS&mileage=min-40000&regdate=2020-2020&sort=price&order=asc
MS_LEXUS_UX_2020_,LEXUS,Ux,2020,,0,0,marktplaats,,,,,,,,https://www.marktplaats.nl/l/auto-s/lexus/f/ux+hybride-elektrisch-benzine/11902+13838/#f:10882%7CconstructionYearFrom:2020%7CsortBy:PRICE%7CsortOrder:INCREASING
MS_RENAULT_ARKANA_2023_,RENAULT,ARKANA,2023,,35000,0,leboncoin,,,,,,,,https://www.leboncoin.fr/recherche?category=2&u_car_brand=RENAULT&u_car_model=RENAULT_Arkana&fuel=6&gearbox=2&regdate=2023-2023&mileage=min-35000&sort=price&order=asc
MS_RENAULT_ARKANA_2023_,RENAULT,ARKANA,2023,,0,40001,marktplaats,,,,,,,,https://www.marktplaats.nl/l/auto-s/renault/f/arkana+hybride-elektrisch-benzine/13786+13838/#mileageTo:40001%7CconstructionYearFrom:2023%7CconstructionYearTo:2023%7CsortBy:PRICE%7CsortOrder:INCREASING
MS_SUZUKI_SCROSS_2021_,SUZUKI,S CROSS,2021,,50000,0,leboncoin,,,,,,,,"https://www.leboncoin.fr/recherche?category=2&u_car_brand=SUZUKI&u_car_model=SUZUKI_S-Cross&fuel=6,1&mileage=min-50000&regdate=2021-2021&sort=price&order=asc"
MS_SUZUKI_SCROSS_2021_,SUZUKI,S CROSS,2021,,0,50001,marktplaats,,,,,,,,https://www.marktplaats.nl/l/auto-s/suzuki/f/s-cross/10802/#mileageTo:50001%7CconstructionYearFrom:2021%7CconstructionYearTo:2021%7CsortBy:PRICE%7CsortOrder:INCREASING
MS_SUZUKI_SCROSS_2022_,SUZUKI,S CROSS,2022,,50000,0,leboncoin,,,,,,,,"https://www.leboncoin.fr/recherche?category=2&u_car_brand=SUZUKI&u_car_model=SUZUKI_S-Cross&fuel=6,1&mileage=min-50000&regdate=2022-2022&sort=price&order=asc"
MS_SUZUKI_SCROSS_2022_,SUZUKI,S CROSS,2022,,0,50001,marktplaats,,,,,,,,https://www.marktplaats.nl/l/auto-s/suzuki/f/s-cross/10802/#mileageTo:50001%7CconstructionYearFrom:2022%7CconstructionYearTo:2022%7CsortBy:PRICE%7CsortOrder:INCREASING
MS_SUZUKI_SWIFT_2017_,SUZUKI,SWIFT,2017,,50000,0,leboncoin,,,,,,,,https://www.leboncoin.fr/recherche?category=2&u_car_brand=SUZUKI&u_car_model=SUZUKI_Swift&fuel=6&mileage=min-50000&regdate=2017-2017&sort=price&order=asc
MS_SUZUKI_SWIFT_2017_,SUZUKI,SWIFT,2017,,0,50001,marktplaats,,,,,,,,https://www.marktplaats.nl/l/auto-s/suzuki/f/swift/1215/#mileageTo:50001%7CconstructionYearFrom:2017%7CconstructionYearTo:2017%7CsortBy:PRICE%7CsortOrder:INCREASING
MS_TOYOTA_AURIS_2017_,TOYOTA,AURIS,2017,,0,30001,marktplaats,,,,,,,,https://www.marktplaats.nl/l/auto-s/toyota/f/auris/1239/#mileageTo:30001%7CconstructionYearFrom:2017%7CconstructionYearTo:2017%7CsortBy:PRICE%7CsortOrder:INCREASING
MS_TOYOTA_AURIS_2018_,TOYOTA,AURIS,2018,,0,30001,marktplaats,,,,,,,,https://www.marktplaats.nl/l/auto-s/toyota/f/auris/1239/#mileageTo:30001%7CconstructionYearFrom:2018%7CconstructionYearTo:2018%7CsortBy:PRICE%7CsortOrder:INCREASING
MS_TOYOTA_AURIS_2019_,TOYOTA,AURIS,2019,,0,30001,marktplaats,,,,,,,,https://www.marktplaats.nl/l/auto-s/toyota/f/auris/1239/#mileageTo:30001%7CconstructionYearFrom:2019%7CconstructionYearTo:2019%7CsortBy:PRICE%7CsortOrder:INCREASING
MS_TOYOTA_AYGO_2017_,TOYOTA,AYGO,2017,,0,50001,marktplaats,,,,,,,,https://www.marktplaats.nl/l/auto-s/toyota/f/aygo/1241/#mileageTo:50001%7CconstructionYearFrom:2017%7CconstructionYearTo:2022
MS_TOYOTA_CHR_2017_,TOYOTA,CHR,2017,,0,50001,marktplaats,,,,,,,,https://www.marktplaats.nl/l/auto-s/toyota/f/c-hr+hybride-elektrisch-benzine/11718+13838/#mileageTo:50001%7CconstructionYearFrom:2017%7CconstructionYearTo:2017
MS_TOYOTA_CHR_2018_,TOYOTA,CHR,2018,,0,50001,marktplaats,,,,,,,,https://www.marktplaats.nl/l/auto-s/toyota/f/c-hr+hybride-elektrisch-benzine/11718+13838/#mileageTo:50001%7CconstructionYearFrom:2018%7CconstructionYearTo:2018
MS_TOYOTA_CHR_2019_,TOYOTA,CHR,2019,,0,50001,marktplaats,,,,,,,,https://www.marktplaats.nl/l/auto-s/toyota/f/c-hr+hybride-elektrisch-benzine/11718+13838/#mileageTo:50001%7CconstructionYearFrom:2019%7CconstructionYearTo:2019
MS_TOYOTA_CHR_2020_,TOYOTA,CHR,2020,,0,50001,marktplaats,,,,,,,,https://www.marktplaats.nl/l/auto-s/toyota/f/c-hr+hybride-elektrisch-benzine/11718+13838/#mileageTo:50001%7CconstructionYearFrom:2020%7CconstructionYearTo:2020
MS_TOYOTA_CHR_2021_,TOYOTA,CHR,2021,,0,50001,marktplaats,,,,,,,,https://www.marktplaats.nl/l/auto-s/toyota/f/c-hr+hybride-elektrisch-benzine/11718+13838/#mileageTo:50001%7CconstructionYearFrom:2021%7CconstructionYearTo:2021
MS_TOYOTA_CHR_2022_,TOYOTA,CHR,2022,,0,50001,marktplaats,,,,,,,,https://www.marktplaats.nl/l/auto-s/toyota/f/c-hr+hybride-elektrisch-benzine/11718+13838/#mileageTo:50001%7CconstructionYearFrom:2022%7CconstructionYearTo:2022
MS_TOYOTA_CHR_2023_,TOYOTA,CHR,2023,,0,50001,marktplaats,,,,,,,,https://www.marktplaats.nl/l/auto-s/toyota/f/c-hr+hybride-elektrisch-benzine/11718+13838/#mileageTo:50001%7CconstructionYearFrom:2023%7CconstructionYearTo:2023%7CsortBy:PRICE%7CsortOrder:INCREASING
MS_TOYOTA_COROLLA_2022_,TOYOTA,COROLLA,2022,,0,30001,marktplaats,,,,,,,,https://www.marktplaats.nl/l/auto-s/toyota/f/corolla/1230/#mileageTo:30001%7CconstructionYearFrom:2022%7CconstructionYearTo:2022%7CsortBy:PRICE%7CsortOrder:INCREASING
MS_TOYOTA_COROLLA_2023_,TOYOTA,COROLLA,2023,,0,30001,marktplaats,,,,,,,,https://www.marktplaats.nl/l/auto-s/toyota/f/corolla/1230/#mileageTo:30001%7CconstructionYearFrom:2023%7CconstructionYearTo:2023%7CsortBy:PRICE%7CsortOrder:INCREASING
MS_TOYOTA_COROLLACROSS_2022_,TOYOTA,COROLLA CROSS,2022,,0,50001,marktplaats,,,,,,,,https://www.marktplaats.nl/l/auto-s/toyota/f/corolla-cross/13884/#mileageTo:50001%7CconstructionYearFrom:2022%7CconstructionYearTo:2022%7CsortBy:PRICE%7CsortOrder:INCREASING
MS_TOYOTA_COROLLATS_2021_,TOYOTA,Corolla-Ts,2021,,0,50001,marktplaats,,,,,,,,https://www.marktplaats.nl/l/auto-s/toyota/f/corolla-ts/13885/#mileageTo:50001%7CconstructionYearFrom:2021%7CconstructionYearTo:2021%7CsortBy:PRICE%7CsortOrder:INCREASING
MS_TOYOTA_COROLLATS_2022_,TOYOTA,Corolla-Ts,2022,,0,50001,marktplaats,,,,,,,,https://www.marktplaats.nl/l/auto-s/toyota/f/corolla-ts/13885/#mileageTo:50001%7CconstructionYearFrom:2022%7CconstructionYearTo:2022%7CsortBy:PRICE%7CsortOrder:INCREASING
MS_TOYOTA_PRIUS_2017_,TOYOTA,PRIUS,2017,,0,50001,marktplaats,,,,,,,,https://www.marktplaats.nl/l/auto-s/toyota/f/prius+hybride-elektrisch-benzine/1247+13838/#f:10882%7CconstructionYearFrom:2017%7CconstructionYearTo:2017%7CmileageTo:50001%7CsortBy:PRICE%7CsortOrder:INCREASING
MS_TOYOTA_PRIUS_2018_,TOYOTA,PRIUS,2018,,0,50001,marktplaats,,,,,,,,https://www.marktplaats.nl/l/auto-s/toyota/f/prius+hybride-elektrisch-benzine/1247+13838/#f:10882%7CmileageTo:50001%7CconstructionYearFrom:2018%7CconstructionYearTo:2018%7CsortBy:PRICE%7CsortOrder:INCREASING
MS_TOYOTA_PRIUS_2019_,TOYOTA,PRIUS,2019,,0,50001,marktplaats,,,,,,,,https://www.marktplaats.nl/l/auto-s/toyota/f/prius+hybride-elektrisch-benzine/1247+13838/#f:10882%7CmileageTo:50001%7CconstructionYearFrom:2019%7CconstructionYearTo:2019%7CsortBy:PRICE%7CsortOrder:INCREASING
MS_TOYOTA_PRIUS_2020_,TOYOTA,PRIUS,2020,,0,50001,marktplaats,,,,,,,,https://www.marktplaats.nl/l/auto-s/toyota/f/prius+hybride-elektrisch-benzine/1247+13838/#f:10882%7CmileageTo:50001%7CconstructionYearFrom:2020%7CconstructionYearTo:2020%7CsortBy:PRICE%7CsortOrder:INCREASING
MS_TOYOTA_PRIUS_2021_,TOYOTA,PRIUS,2021,,0,50001,marktplaats,,,,,,,,https://www.marktplaats.nl/l/auto-s/toyota/f/prius+hybride-elektrisch-benzine/1247+13838/#f:10882%7CmileageTo:50001%7CconstructionYearFrom:2021%7CconstructionYearTo:2021%7CsortBy:PRICE%7CsortOrder:INCREASING
MS_TOYOTA_PRIUS_2022_,TOYOTA,PRIUS,2022,,0,50001,marktplaats,,,,,,,,https://www.marktplaats.nl/l/auto-s/toyota/f/prius+hybride-elektrisch-benzine/1247+13838/#f:10882%7CmileageTo:50001%7CconstructionYearFrom:2022%7CconstructionYearTo:2022%7CsortBy:PRICE%7CsortOrder:INCREASING
MS_TOYOTA_PRIUS_2023_,TOYOTA,PRIUS,2023,,0,50001,marktplaats,,,,,,,,https://www.marktplaats.nl/l/auto-s/toyota/f/prius+hybride-elektrisch-benzine/1247+13838/#f:10882%7CmileageTo:50001%7CconstructionYearFrom:2023%7CconstructionYearTo:2023%7CsortBy:PRICE%7CsortOrder:INCREASING
MS_TOYOTA_RAV4_2017_,TOYOTA,RAV 4,2017,,0,50001,marktplaats,,,,,,,,https://www.marktplaats.nl/l/auto-s/toyota/f/rav4+hybride-elektrisch-benzine/1237+13838/#f:10882%7CconstructionYearFrom:2017%7CconstructionYearTo:2017%7CmileageTo:50001%7CsortBy:PRICE%7CsortOrder:INCREASING
MS_TOYOTA_RAV4_2018_,TOYOTA,RAV 4,2018,,0,50000,marktplaats,,,,,,,,https://www.marktplaats.nl/l/auto-s/toyota/f/rav4+hybride-elektrisch-benzine/1237+13838/#f:10882%7CmileageTo:50000%7CconstructionYearFrom:2018%7CconstructionYearTo:2018%7CsortBy:PRICE%7CsortOrder:INCREASING
MS_TOYOTA_RAV4_2021_,TOYOTA,RAV 4,2021,,0,50000,marktplaats,,,,,,,,https://www.marktplaats.nl/l/auto-s/toyota/f/rav4+hybride-elektrisch-benzine/1237+13838/#f:10882%7CmileageTo:50000%7CconstructionYearFrom:2021%7CconstructionYearTo:2021%7CsortBy:PRICE%7CsortOrder:INCREASING
MS_TOYOTA_RAV4_2022_,TOYOTA,RAV 4,2022,,0,50000,marktplaats,,,,,,,,https://www.marktplaats.nl/l/auto-s/toyota/f/rav4+hybride-elektrisch-benzine/1237+13838/#f:10882%7CmileageTo:50000%7CconstructionYearFrom:2022%7CconstructionYearTo:2022%7CsortBy:PRICE%7CsortOrder:INCREASING
MS_TOYOTA_RAV4_2023_,TOYOTA,RAV 4,2023,,0,50000,marktplaats,,,,,,,,https://www.marktplaats.nl/l/auto-s/toyota/f/rav4+hybride-elektrisch-benzine/1237+13838/#f:10882%7CmileageTo:50000%7CconstructionYearFrom:2023%7CconstructionYearTo:2023%7CsortBy:PRICE%7CsortOrder:INCREASING
MS_TOYOTA_RAV4_2020_,TOYOTA,RAV4,2020,,0,50000,marktplaats,,,,,,,,https://www.marktplaats.nl/l/auto-s/toyota/f/rav4+hybride-elektrisch-benzine/1237+13838/#f:10882%7CmileageTo:50000%7CconstructionYearFrom:2020%7CconstructionYearTo:2020%7CsortBy:PRICE%7CsortOrder:INCREASING
MS_TOYOTA_YARIS_2019_,TOYOTA,YARIS,2019,,0,50001,marktplaats,,,,,,,,https://www.marktplaats.nl/l/auto-s/toyota/f/yaris+hybride-elektrisch-benzine/1232+13838/#q:gr%7CmileageTo:50001%7CconstructionYearFrom:2019%7CconstructionYearTo:2019%7CsearchInTitleAndDescription:true
MS_TOYOTA_YARIS_2022_,TOYOTA,YARIS,2022,,0,50001,marktplaats,,,,,,,,https://www.marktplaats.nl/l/auto-s/toyota/f/yaris+hybride-elektrisch-benzine/1232+13838/#q:gr%7CmileageTo:50001%7CconstructionYearFrom:2022%7CconstructionYearTo:2022%7CsearchInTitleAndDescription:true
MS_TOYOTA_YARIS_2023_,TOYOTA,YARIS,2023,,0,50001,marktplaats,,,,,,,,https://www.marktplaats.nl/l/auto-s/toyota/f/yaris+hybride-elektrisch-benzine/1232+13838/#mileageTo:50001%7CconstructionYearFrom:2023%7CconstructionYearTo:2023
MS_TOYOTA_YARISCROSS_2021_,TOYOTA,YARIS CROSS,2021,,0,30001,marktplaats,,,,,,,,https://www.marktplaats.nl/l/auto-s/toyota/f/yaris-cross/13882/#mileageTo:30001%7CconstructionYearFrom:2021%7CconstructionYearTo:2021%7CsortBy:PRICE%7CsortOrder:INCREASING
MS_TOYOTA_YARISCROSS_2022_,TOYOTA,YARIS CROSS,2022,,0,30001,marktplaats,,,,,,,,https://www.marktplaats.nl/l/auto-s/toyota/f/yaris-cross/13882/#mileageTo:30001%7CconstructionYearFrom:2022%7CconstructionYearTo:2022%7CsortBy:PRICE%7CsortOrder:INCREASING
MS_TOYOTA_YARISCROSS_2023_,TOYOTA,YARIS CROSS,2023,,0,30001,marktplaats,,,,,,,,https://www.marktplaats.nl/l/auto-s/toyota/f/yaris-cross/13882/#mileageTo:30001%7CconstructionYearFrom:2023%7CconstructionYearTo:2023%7CsortBy:PRICE%7CsortOrder:INCREASING
MS_TOYOTA_YARIS_2019_,TOYOTA,Yaris,2019,,0,50001,marktplaats,,,,,,,,https://www.marktplaats.nl/l/auto-s/toyota/f/yaris+hybride-elektrisch-benzine/1232+13838/#q:gr%7CmileageTo:50001%7CconstructionYearFrom:2019%7CconstructionYearTo:2019%7CsearchInTitleAndDescription:true
MS_TOYOTA_YARIS_2023_,TOYOTA,Yaris,2023,,0,50001,marktplaats,,,,,,,,https://www.marktplaats.nl/l/auto-s/toyota/f/yaris+hybride-elektrisch-benzine/1232+13838/#q:gr%7CmileageTo:50001%7CconstructionYearFrom:2023%7CconstructionYearTo:2023
MS_TOYOTA_YARISCROSS_2023_,TOYOTA,Yaris-Cross,2023,,0,30001,marktplaats,,,,,,,,https://www.marktplaats.nl/l/auto-s/toyota/f/yaris-cross/13882/#q:gr%7CmileageTo:30001%7CconstructionYearFrom:2023%7CconstructionYearTo:2023%7CsortBy:PRICE%7CsortOrder:INCREASING